exam1,exam2
0,248
0,249
0,253
0,346
0,466
0,478
0,486
0,490
0,570
0,579
0,595
0,596
0,599
0,602
0,705
0,733
0,734
0,735
0,736
0,737
0,742
0,744
0,746
0,762
0,763
0,764
0,771
0,776
0,795
0,796
0,797
0,798
0,799
1,3
1,54
1,67
1,389
1,390
1,435
1,439
1,562
1,563
1,567
1,573
1,574
1,575
1,625
1,641
1,656
1,657
1,662
1,663
1,666
1,668
1,692
1,695
1,698
1,700
1,703
1,731
1,770
2,3
2,5
2,66
2,67
2,85
2,277
2,283
2,284
2,346
2,430
2,432
2,436
2,438
2,445
2,468
2,492
2,493
2,561
2,562
2,563
2,595
2,598
2,599
2,600
2,611
2,612
2,613
2,617
2,618
2,623
2,630
2,639
2,643
2,645
2,648
2,652
2,693
2,727
2,728
2,730
2,731
2,763
2,764
2,772
2,777
2,782
2,783
3,11
3,66
3,67
3,68
3,85
3,430
3,432
3,435
3,436
3,444
3,451
3,452
3,472
3,493
3,495
3,525
3,559
3,564
3,567
3,599
3,612
3,613
3,699
3,702
3,703
3,727
3,728
3,730
3,734
3,738
3,747
3,748
3,749
3,750
3,751
3,771
3,779
3,781
3,782
3,783
3,785
3,786
3,787
3,788
4,5
4,7
4,69
4,404
4,471
4,486
4,491
4,493
4,495
4,496
4,497
4,502
4,503
4,507
4,534
4,535
4,543
4,559
4,564
4,615
4,656
4,657
4,669
4,671
4,672
4,690
4,691
4,692
4,693
4,694
4,727
4,747
4,748
4,750
4,773
5,7
5,404
5,431
5,435
5,438
5,445
5,467
5,477
5,492
5,493
5,534
5,559
5,564
5,568
5,648
5,653
5,655
5,671
5,677
5,679
5,680
5,682
5,683
5,684
5,690
5,693
5,694
5,700
5,702
5,703
5,705
5,747
5,748
5,750
5,779
5,781
5,782
5,783
5,799
6,636
6,637
6,693
6,694
6,775
7,40
7,430
7,559
7,561
7,562
7,572
7,595
7,615
7,703
7,734
7,735
8,563
8,595
8,599
8,604
8,694
8,695
8,699
8,700
8,701
8,702
8,703
8,749
8,751
9,494
9,566
9,612
9,639
9,656
9,657
9,706
10,11
10,61
10,69
10,74
10,75
10,85
11,54
11,61
11,69
11,84
11,85
11,116
11,117
11,118
11,119
11,120
11,121
11,159
11,186
11,188
11,189
11,248
11,249
11,250
11,252
11,253
11,466
11,472
11,573
12,13
12,14
12,15
12,87
12,467
12,476
13,14
13,15
13,87
13,467
13,476
14,15
14,87
14,467
14,476
15,476
16,50
16,51
16,478
17,18
17,19
17,20
18,19
18,20
19,20
20,61
20,118
20,120
20,186
21,22
21,23
21,24
21,25
21,55
21,56
21,60
22,23
22,24
22,25
23,24
23,25
24,25
26,27
26,28
26,29
26,30
26,31
27,28
27,29
27,30
27,31
28,29
28,30
28,31
29,30
29,31
30,31
32,10
32,11
32,33
32,54
32,61
32,64
32,65
32,66
32,67
32,68
32,69
32,85
32,116
32,118
32,120
32,158
32,159
32,186
32,450
32,472
32,747
32,770
32,771
33,10
33,11
33,32
33,54
33,61
33,68
33,69
33,85
33,116
33,118
33,120
33,158
33,159
33,450
33,472
33,747
33,770
34,7
34,12
34,13
34,14
34,15
34,35
34,37
34,38
34,39
34,40
34,43
34,55
34,56
34,57
34,62
34,71
34,87
34,93
34,466
34,476
34,486
34,561
34,562
34,691
34,750
34,783
35,21
35,34
35,36
35,37
35,38
35,39
35,41
35,43
35,55
35,56
35,57
35,60
35,87
35,93
35,466
35,476
35,486
35,487
36,12
36,13
36,14
36,15
36,21
36,37
36,38
36,39
36,40
36,41
36,42
36,43
36,45
36,55
36,56
36,57
36,60
36,62
36,71
36,467
36,476
36,487
37,35
37,38
37,39
37,40
37,41
37,42
37,43
37,56
37,57
37,87
37,476
37,486
38,35
38,39
38,43
38,55
38,56
38,62
38,486
38,487
39,40
39,43
39,55
39,57
39,466
39,476
40,34
40,36
40,37
40,38
40,39
40,41
40,42
40,43
40,45
40,55
40,56
40,57
40,476
40,561
40,562
41,21
41,34
41,35
41,36
41,37
41,38
41,42
41,43
41,55
41,56
41,57
41,60
41,476
42,35
42,36
42,37
42,38
42,55
42,56
42,57
42,476
43,34
43,35
43,37
43,38
43,41
43,55
43,56
43,57
43,87
43,476
44,45
44,46
44,52
44,110
45,46
45,55
45,56
45,63
46,47
48,46
48,49
48,58
48,108
48,110
49,46
49,53
49,58
49,110
50,51
50,478
52,44
52,46
52,47
52,462
54,61
54,118
54,120
54,159
54,731
54,774
55,39
55,56
55,57
55,60
55,62
56,21
56,34
56,35
56,36
56,37
56,38
56,41
56,42
56,43
56,55
56,57
56,60
56,62
57,34
57,36
57,37
57,39
57,41
57,43
57,55
57,62
57,476
58,44
58,46
58,47
58,52
58,59
58,101
58,110
59,63
60,21
60,55
61,10
61,54
61,69
61,74
61,75
61,116
61,117
61,118
61,119
61,120
61,121
61,158
61,189
62,39
62,55
62,122
62,124
62,126
64,65
64,66
64,67
64,85
64,150
64,152
64,153
64,154
64,155
64,156
64,160
64,161
64,188
64,189
64,220
64,228
64,277
64,283
64,284
64,346
64,404
64,434
64,451
64,454
64,456
64,457
64,467
64,492
64,534
64,535
64,573
64,690
64,771
64,772
64,774
64,777
64,778
64,783
65,2
65,3
65,10
65,11
65,32
65,33
65,35
65,38
65,54
65,61
65,64
65,66
65,67
65,68
65,84
65,85
65,94
65,95
65,102
65,158
65,159
65,188
65,189
65,190
65,191
65,193
65,194
65,196
65,220
65,228
65,403
65,408
65,411
65,430
65,431
65,434
65,435
65,449
65,450
65,466
65,467
65,468
65,471
65,472
65,475
65,476
65,482
65,492
65,524
65,545
65,571
65,573
65,636
65,690
65,692
65,693
65,694
65,731
65,747
65,770
65,771
65,772
65,773
65,774
65,775
65,778
65,779
66,3
66,10
66,11
66,32
66,33
66,54
66,64
66,65
66,67
66,68
66,84
66,85
66,95
66,117
66,119
66,121
66,152
66,153
66,154
66,155
66,156
66,158
66,159
66,186
66,188
66,189
66,190
66,191
66,193
66,194
66,196
66,220
66,228
66,404
66,408
66,410
66,430
66,431
66,434
66,435
66,450
66,466
66,467
66,468
66,471
66,472
66,476
66,482
66,487
66,492
66,534
66,535
66,571
66,573
66,636
66,690
66,692
66,693
66,694
66,731
66,747
66,770
66,771
66,772
66,773
66,774
66,775
66,778
66,779
66,783
67,3
67,10
67,11
67,32
67,33
67,54
67,65
67,66
67,68
67,84
67,85
67,117
67,119
67,121
67,158
67,159
67,188
67,189
67,190
67,191
67,193
67,194
67,196
67,220
67,228
67,389
67,390
67,430
67,431
67,434
67,435
67,466
67,467
67,468
67,471
67,472
67,476
67,492
67,493
67,495
67,571
67,573
67,636
67,690
67,692
67,693
67,694
67,698
67,700
67,731
67,747
67,771
67,772
67,773
67,774
67,775
67,778
67,779
67,783
68,10
68,11
68,33
68,54
68,61
68,65
68,66
68,69
68,70
68,71
68,85
68,87
68,116
68,117
68,118
68,119
68,120
68,121
68,150
68,155
68,158
68,159
68,173
68,176
68,177
68,181
68,186
68,188
68,189
68,190
68,191
68,218
68,219
68,220
68,274
68,275
68,278
68,282
68,285
68,287
68,345
68,349
68,351
68,403
68,404
68,408
68,411
68,434
68,435
68,438
68,467
68,468
68,469
68,471
68,476
68,477
68,492
68,495
68,502
68,503
68,505
68,534
68,537
68,539
68,541
68,559
68,636
68,694
68,731
68,774
68,779
68,781
68,782
68,783
69,46
69,54
69,61
69,70
69,71
69,87
69,143
69,189
69,240
69,241
69,242
69,345
69,404
69,412
69,413
69,434
69,435
69,436
69,440
69,486
69,511
69,522
69,534
69,536
69,554
69,691
69,693
69,694
69,731
69,798
70,68
70,71
70,76
70,77
70,116
70,117
70,118
70,119
70,120
70,121
70,136
70,141
70,145
70,152
70,153
70,154
70,155
70,156
70,158
70,159
70,173
70,176
70,177
70,181
70,189
70,201
70,221
70,222
70,229
70,231
70,295
70,296
70,297
70,302
70,403
70,404
70,408
70,411
70,430
70,431
70,434
70,435
70,436
70,472
70,476
70,477
70,493
70,534
70,535
70,690
70,691
70,692
70,693
70,694
70,747
70,774
70,775
70,783
71,12
71,13
71,14
71,74
71,75
71,117
71,119
71,121
71,158
71,159
71,169
71,171
71,189
71,191
71,278
71,285
71,286
71,295
71,296
71,297
71,302
71,349
71,404
71,430
71,431
71,432
71,434
71,435
71,436
71,438
71,495
71,511
71,522
71,534
71,568
71,596
71,599
71,639
71,691
71,693
71,694
71,731
71,734
71,735
71,775
71,776
72,73
72,218
72,220
73,218
73,220
74,10
74,61
74,75
74,191
74,434
74,435
74,578
75,10
75,61
75,74
75,191
75,434
75,435
75,578
76,77
76,191
76,430
76,431
76,511
76,573
76,691
76,693
76,694
76,731
76,750
77,191
77,430
77,431
77,511
77,573
77,691
77,693
77,694
77,731
77,750
78,79
78,191
78,430
78,431
78,435
78,436
78,469
78,728
78,730
79,191
79,430
79,431
79,435
79,436
79,469
79,728
79,730
80,81
80,191
80,293
80,295
80,435
80,443
80,449
80,450
80,671
80,673
81,80
81,191
81,293
81,295
81,434
81,435
81,443
81,449
81,450
81,671
81,673
82,83
82,220
83,220
84,54
84,85
84,191
85,54
85,94
85,95
85,158
85,159
85,188
85,189
85,190
85,220
85,471
85,472
85,476
85,571
85,573
85,636
85,693
85,694
85,731
86,88
86,89
86,93
87,88
87,89
87,90
87,91
87,92
87,93
87,95
87,762
87,763
88,34
88,70
88,87
88,89
88,90
88,91
88,92
88,93
88,95
88,220
88,222
88,540
88,763
88,764
88,765
88,767
88,769
89,90
89,91
89,92
89,93
89,95
90,91
90,92
90,95
90,439
90,502
90,507
90,788
91,92
91,93
91,95
91,763
91,764
92,87
92,95
92,96
92,103
93,87
93,95
93,198
93,222
93,763
94,95
95,783
96,97
96,99
96,102
96,103
96,440
96,441
96,444
96,445
96,448
97,47
97,52
97,87
97,88
97,89
97,90
97,91
97,92
97,95
97,96
97,98
97,99
97,100
97,101
97,102
97,438
97,441
97,444
97,445
97,448
98,100
98,101
98,102
98,206
98,226
99,52
99,96
99,100
99,102
99,438
99,440
99,444
99,448
100,215
100,438
101,47
101,86
101,88
101,89
101,93
101,98
101,774
102,85
102,94
102,95
102,441
102,445
102,621
102,731
102,748
102,758
104,92
104,96
104,103
105,109
105,472
105,573
106,301
106,305
106,309
106,310
107,46
108,44
109,472
109,573
111,112
111,113
111,114
111,115
111,185
111,186
112,113
112,114
112,115
112,185
112,186
113,114
113,115
113,185
113,186
114,115
114,185
114,186
115,185
115,186
116,20
116,54
116,61
116,118
116,120
116,121
116,151
116,152
116,153
116,154
116,155
116,156
116,159
116,186
116,188
116,189
116,374
116,534
117,61
117,119
117,121
117,150
117,152
117,154
117,155
117,156
117,158
117,159
117,185
117,186
117,187
117,188
117,189
117,374
117,410
117,472
117,476
117,477
118,54
118,61
118,120
118,121
118,154
118,155
118,156
118,159
118,186
118,188
118,189
118,374
118,534
119,61
119,117
119,121
119,152
119,154
119,155
119,156
119,158
119,159
119,185
119,186
119,187
119,188
119,189
119,410
119,472
119,476
119,477
120,61
120,155
120,156
120,159
120,186
120,188
120,189
121,61
121,117
121,119
121,123
121,125
121,127
121,154
121,155
121,156
121,158
121,159
121,185
121,186
121,187
121,188
121,189
121,403
121,410
121,476
121,477
122,62
122,124
122,126
123,71
123,125
123,127
123,150
123,151
123,159
123,476
123,487
124,62
124,122
124,126
125,71
125,127
125,150
125,151
125,159
125,487
126,62
126,122
126,124
127,71
127,125
127,151
127,159
127,487
128,133
128,377
128,378
129,35
129,70
129,121
129,123
129,125
129,127
129,130
129,131
129,132
129,164
129,165
129,171
130,35
130,70
130,131
130,132
130,166
130,168
130,170
130,536
130,546
130,547
130,550
130,551
130,554
131,35
131,70
131,130
131,132
131,166
131,168
131,170
131,536
131,546
131,547
131,550
131,551
131,554
132,35
132,70
132,130
132,131
132,166
132,168
132,170
132,536
132,546
132,547
132,550
132,551
132,554
134,63
134,136
134,141
134,145
134,541
135,69
135,137
135,138
135,140
135,143
135,148
135,149
135,158
135,159
135,405
135,467
135,469
136,141
136,142
136,145
136,148
136,158
136,159
136,174
136,175
136,178
136,537
136,541
136,554
137,138
137,140
137,143
138,140
138,143
139,63
139,134
140,69
140,135
140,143
140,148
140,149
140,158
140,159
140,405
140,469
141,142
141,145
141,148
141,158
141,159
141,174
141,175
141,178
141,537
141,541
142,145
142,541
143,135
143,140
143,146
143,148
143,149
143,158
143,159
143,176
143,177
143,179
143,183
143,405
143,469
144,147
144,380
144,381
144,382
145,63
145,134
145,139
145,148
145,158
145,159
145,178
145,537
145,541
146,148
146,149
146,179
146,183
147,380
147,381
147,382
148,159
148,183
148,537
148,541
149,135
149,143
149,183
150,119
150,121
150,127
150,151
150,152
150,153
150,154
150,155
150,156
150,157
150,158
150,159
150,188
150,189
150,191
150,215
150,408
150,411
150,476
150,762
150,764
151,123
151,125
151,127
151,152
151,153
151,154
151,155
151,156
151,157
151,158
151,184
151,188
151,189
151,191
152,121
152,153
152,154
152,155
152,156
152,157
152,158
152,186
152,188
152,189
152,190
152,191
152,345
152,476
152,477
153,152
153,154
153,155
153,156
153,157
153,188
153,189
153,190
153,191
153,345
153,476
153,477
154,155
154,156
154,157
154,158
154,159
154,188
154,189
154,190
154,191
154,476
154,477
155,152
155,153
155,154
155,156
155,157
155,158
155,188
155,189
155,190
155,191
155,476
155,477
156,116
156,117
156,118
156,119
156,121
156,150
156,151
156,152
156,153
156,154
156,155
156,157
156,158
156,188
156,189
156,190
156,191
156,476
156,477
157,150
157,151
157,152
157,153
157,154
157,155
157,156
157,158
157,189
157,191
158,159
158,160
158,191
159,123
159,125
159,127
159,129
160,11
160,32
160,33
160,54
160,61
160,64
160,65
160,66
160,67
160,68
160,70
160,71
160,85
160,116
160,118
160,120
160,123
160,125
160,127
160,135
160,136
160,140
160,141
160,143
160,145
160,148
160,150
160,151
160,152
160,153
160,154
160,155
160,156
160,157
160,158
160,159
160,161
160,164
160,165
160,169
160,171
160,188
160,189
160,191
160,194
160,196
160,218
160,220
160,277
160,283
160,284
160,334
160,346
160,434
160,440
160,449
160,450
160,467
160,476
160,492
160,493
160,512
160,522
160,534
160,690
160,762
160,763
160,764
160,770
160,771
160,772
160,773
160,774
160,775
160,776
160,777
160,778
160,783
161,64
161,66
161,70
161,116
161,117
161,118
161,119
161,121
161,150
161,151
161,152
161,153
161,154
161,155
161,156
161,157
161,160
161,188
161,189
161,190
161,191
161,194
161,196
161,210
161,215
161,345
161,431
161,467
161,469
161,476
161,477
161,481
161,482
161,485
161,486
161,492
161,770
161,772
161,775
161,778
162,163
162,164
162,165
162,166
162,168
162,169
162,170
162,171
162,183
163,164
163,165
163,166
163,168
163,169
163,170
163,171
164,71
164,123
164,127
164,152
164,165
164,169
164,171
164,183
164,184
164,466
164,467
164,476
164,486
164,487
165,71
165,123
165,127
165,151
165,152
165,157
165,158
165,159
165,169
165,171
165,173
165,176
165,177
165,181
165,183
165,184
165,466
165,467
165,476
165,486
165,487
166,168
166,170
166,183
166,199
166,200
166,763
166,764
166,776
166,777
167,157
167,169
167,171
167,175
167,181
167,199
167,200
167,201
168,170
168,183
168,200
168,763
168,764
168,777
169,152
169,157
169,167
169,171
169,175
169,181
169,183
169,184
169,199
169,200
169,201
169,466
169,467
169,476
170,183
170,763
170,764
171,123
171,127
171,151
171,152
171,157
171,158
171,159
171,165
171,175
171,181
171,183
171,184
171,201
171,466
171,467
171,476
172,176
172,177
172,212
172,213
172,214
173,176
173,177
173,179
173,181
173,183
173,184
173,187
173,476
173,750
174,145
174,148
174,175
174,178
174,180
174,182
174,184
174,206
174,210
174,212
174,214
175,145
175,148
175,157
175,174
175,178
175,180
175,181
175,182
175,184
175,206
175,210
175,212
175,214
176,146
176,148
176,149
176,158
176,160
176,165
176,171
176,177
176,179
176,181
176,183
176,184
176,187
176,212
176,213
176,214
176,476
177,146
177,148
177,149
177,158
177,160
177,173
177,179
177,181
177,183
177,184
177,187
177,212
177,213
177,214
177,476
177,750
178,148
178,174
178,175
178,180
178,182
178,184
178,210
178,212
178,214
179,148
179,181
180,182
181,157
181,183
181,184
181,187
181,476
182,184
184,157
184,158
185,70
185,114
185,115
185,117
185,119
185,121
185,186
185,449
185,450
186,61
186,114
186,115
186,117
186,119
186,155
186,156
186,158
186,159
186,185
186,237
186,395
186,449
186,450
186,571
187,189
187,196
188,61
188,70
188,116
188,117
188,118
188,119
188,121
188,150
188,151
188,152
188,153
188,154
188,155
188,156
188,157
188,190
188,191
188,389
188,390
188,477
188,637
188,638
189,61
189,68
189,117
189,119
189,120
189,121
189,151
189,152
189,153
189,154
189,155
189,156
189,157
189,158
189,159
189,190
189,191
189,412
189,413
189,477
189,534
189,540
189,541
189,638
191,194
191,196
191,535
191,543
192,117
192,119
192,121
192,123
192,125
192,127
192,152
192,153
192,154
192,155
192,156
192,161
192,164
192,165
192,169
192,171
192,187
192,188
192,189
192,193
192,194
192,196
192,422
192,525
192,540
192,541
192,549
192,551
192,553
192,554
192,577
193,11
193,66
193,67
193,68
193,70
193,71
193,85
193,116
193,117
193,118
193,119
193,120
193,121
193,155
193,156
193,157
193,158
193,187
193,189
193,191
193,194
193,195
193,196
193,222
193,229
193,230
193,333
193,351
193,403
193,404
193,408
193,411
193,437
193,441
193,449
193,450
193,534
193,535
193,536
193,537
193,543
193,546
193,547
193,548
193,553
193,611
193,719
194,66
194,67
194,68
194,71
194,74
194,75
194,76
194,77
194,78
194,79
194,80
194,81
194,84
194,85
194,150
194,151
194,154
194,155
194,156
194,157
194,158
194,187
194,191
194,193
194,195
194,196
194,403
194,450
194,467
194,472
194,476
194,477
194,534
194,535
194,543
194,772
194,774
194,775
194,778
195,68
195,191
195,196
195,472
195,477
195,521
195,523
195,525
196,66
196,67
196,68
196,71
196,74
196,75
196,76
196,77
196,78
196,79
196,80
196,81
196,84
196,85
196,150
196,151
196,154
196,155
196,156
196,157
196,158
196,188
196,191
196,194
196,219
196,220
196,403
196,404
196,408
196,411
196,467
196,472
196,476
196,477
196,521
196,523
196,525
196,534
196,535
196,543
196,772
196,774
196,775
196,778
197,166
197,167
197,168
197,169
197,170
197,171
197,198
197,199
197,200
197,201
197,202
197,221
197,222
197,229
197,554
197,555
197,763
197,778
198,197
198,199
198,200
198,201
198,202
198,221
198,412
198,413
198,536
198,551
198,553
198,555
198,763
198,778
199,87
199,93
199,167
199,168
199,169
199,170
199,171
199,200
199,201
199,202
199,221
199,222
199,763
199,778
200,87
200,88
200,91
200,93
200,167
200,168
200,169
200,170
200,171
200,199
200,201
200,202
200,221
200,222
201,87
201,88
201,91
201,93
201,198
201,202
201,221
201,222
201,412
201,413
201,493
201,536
201,553
201,554
201,555
201,690
201,691
201,763
201,778
201,783
202,87
202,88
202,91
202,93
202,198
202,201
202,203
202,221
202,412
202,413
202,536
202,539
202,540
202,553
202,554
202,555
202,763
203,204
203,206
203,207
203,209
203,212
203,215
204,205
204,206
204,207
204,209
204,210
204,211
204,213
204,214
204,217
204,221
204,223
205,206
205,210
205,211
205,215
205,216
205,217
205,223
205,477
205,545
206,156
206,157
206,174
206,175
206,178
206,207
206,209
206,210
206,212
206,213
206,214
206,215
206,216
206,217
206,343
206,477
206,545
207,209
207,212
207,221
207,223
208,203
208,204
208,206
208,209
208,212
208,213
208,214
208,215
208,223
208,224
209,156
209,157
209,203
209,204
209,205
209,206
209,207
209,210
209,211
209,212
209,213
209,214
209,215
209,217
209,221
209,223
209,224
209,230
209,270
209,340
209,343
209,418
209,422
209,423
209,429
209,482
209,541
209,542
209,543
209,545
209,765
209,767
210,150
210,151
210,178
210,203
210,204
210,205
210,206
210,207
210,211
210,212
210,213
210,214
210,215
210,216
210,217
210,341
210,343
211,204
211,206
211,209
211,214
211,215
211,217
211,422
211,543
212,207
212,213
212,214
212,215
212,216
212,341
212,343
212,476
213,214
213,215
213,216
214,206
214,207
214,215
214,216
214,217
215,151
215,216
215,217
215,343
215,477
216,203
216,205
216,206
216,209
216,210
216,214
216,215
216,217
216,223
216,477
217,98
217,100
217,156
217,157
217,203
217,205
217,206
217,207
217,209
217,210
217,211
217,212
217,214
217,215
217,223
217,343
217,541
217,545
218,68
218,69
218,70
218,78
218,79
218,82
218,83
218,158
218,188
218,189
218,191
218,196
218,219
218,220
218,227
218,467
218,469
218,476
218,534
218,731
218,772
218,773
219,68
219,70
219,220
219,227
219,404
219,534
219,731
220,68
220,69
220,70
220,78
220,79
220,93
220,158
220,188
220,189
220,191
220,218
220,219
220,222
220,227
220,469
220,476
220,534
220,535
220,731
220,772
220,773
221,70
221,222
221,223
221,228
221,229
221,230
221,231
221,482
222,221
222,229
222,230
222,231
222,351
223,222
223,226
223,229
223,231
223,471
224,223
224,225
224,226
224,230
224,231
224,471
225,223
225,226
225,228
225,229
225,230
225,231
225,468
225,474
225,541
225,548
225,554
226,98
226,101
226,223
226,230
226,231
226,468
226,471
227,68
227,69
227,189
227,219
227,220
228,85
228,88
228,93
228,95
228,200
228,201
228,202
228,207
228,214
228,221
228,222
228,229
228,230
228,231
228,232
228,474
228,550
228,774
229,70
229,88
229,93
229,95
229,197
229,198
229,199
229,201
229,221
229,222
229,223
229,228
229,230
229,231
229,232
229,351
229,474
229,550
229,554
229,774
230,221
230,222
230,223
230,231
230,351
230,474
230,554
231,88
231,93
231,205
231,216
231,217
231,221
231,222
231,223
231,232
232,221
232,222
232,223
232,225
232,229
233,229
233,230
233,234
233,290
234,229
234,230
234,290
235,236
235,237
235,331
235,345
235,375
235,476
235,477
236,235
236,237
236,274
236,281
236,305
236,345
236,375
236,466
237,235
237,240
237,246
237,249
237,251
237,345
237,375
237,476
237,477
238,239
238,240
238,241
238,242
238,249
238,253
238,335
238,336
238,337
238,338
238,339
238,345
238,346
238,475
239,243
239,249
239,250
239,253
239,254
239,383
239,475
240,241
240,242
240,243
240,246
240,249
240,251
240,345
240,346
240,473
240,476
240,477
241,242
241,345
241,346
241,473
241,476
241,477
242,241
242,345
242,346
242,473
242,476
242,477
243,246
243,247
243,248
243,249
243,250
243,251
243,252
243,253
243,254
243,276
243,346
243,351
243,383
243,476
244,253
244,373
244,381
244,469
245,246
245,247
245,248
245,249
245,250
245,251
245,252
245,253
245,254
245,351
245,473
245,474
245,543
246,247
246,248
246,249
246,250
246,251
246,252
246,253
246,254
246,351
246,487
246,543
247,248
247,249
247,250
247,251
247,252
247,253
247,254
247,474
247,543
248,240
248,243
248,246
248,249
248,250
248,251
248,252
248,253
248,254
248,276
248,346
248,351
248,473
248,474
248,475
248,476
248,487
249,243
249,246
249,250
249,251
249,252
249,253
249,254
249,346
249,351
249,383
249,475
249,476
250,243
250,246
250,247
250,251
250,252
250,253
250,254
250,351
250,467
250,475
250,543
251,243
251,246
251,247
251,252
251,253
251,254
251,276
251,351
251,388
252,248
252,249
252,253
252,254
252,351
252,476
252,543
253,186
253,237
253,246
253,247
253,254
253,302
253,341
253,342
253,343
253,351
253,381
253,383
253,395
253,543
254,246
254,351
256,255
256,257
256,260
256,331
256,345
256,374
256,466
256,469
256,476
256,477
256,480
256,482
256,483
256,486
256,487
257,255
257,260
257,331
257,345
257,466
257,469
257,476
257,477
257,480
257,482
257,483
257,486
257,487
258,236
258,259
258,262
258,263
258,264
258,265
258,266
258,267
258,268
258,269
258,270
258,271
258,272
258,273
258,274
258,281
258,294
258,300
258,305
258,309
258,350
258,351
258,466
258,467
258,468
258,469
258,476
258,477
258,483
258,484
258,485
258,486
258,775
259,262
259,263
259,264
259,266
259,267
259,268
259,269
259,270
259,271
259,272
259,273
259,300
259,309
259,350
259,351
259,467
259,468
259,469
259,476
259,477
259,483
259,484
259,485
259,486
260,255
260,261
260,264
260,265
260,331
260,332
260,333
260,334
260,345
260,346
260,375
260,473
260,474
260,477
260,488
260,537
260,543
261,262
261,263
261,264
261,265
261,269
261,300
261,302
261,345
261,346
261,376
261,379
261,467
261,468
261,473
261,474
261,477
261,488
261,537
262,263
262,264
262,265
262,266
262,267
262,269
262,270
262,273
262,335
262,336
262,337
262,338
262,339
262,345
262,346
262,467
263,262
263,264
263,265
263,266
263,267
263,269
263,270
263,273
263,335
263,336
263,337
263,338
263,339
263,345
263,346
263,467
264,236
264,253
264,262
264,263
264,265
264,267
264,269
264,270
264,272
264,273
264,274
264,281
264,303
264,335
264,336
264,337
264,338
264,339
264,340
264,341
264,342
264,343
264,345
264,346
264,380
264,382
264,468
264,537
265,236
265,262
265,263
265,269
265,274
265,281
265,300
265,302
265,305
265,345
265,346
265,376
265,379
265,466
265,467
265,468
265,473
265,474
265,477
265,537
266,258
266,259
266,267
266,268
266,269
266,270
266,271
266,272
266,300
266,350
266,351
266,467
266,468
266,469
266,476
266,477
267,246
267,247
267,250
267,251
267,253
267,268
267,269
267,270
267,271
267,272
267,273
267,274
267,300
267,309
267,340
267,341
267,342
267,343
267,350
267,351
267,468
267,469
267,543
268,271
268,309
268,350
269,270
269,271
269,272
269,273
269,274
269,303
269,306
269,310
269,313
269,350
269,351
269,467
269,476
270,271
270,272
270,273
270,343
270,350
270,351
270,476
271,272
271,273
271,278
271,279
271,280
271,285
271,309
271,326
271,327
271,341
271,342
271,343
271,349
271,351
271,469
271,477
272,264
272,285
272,300
272,303
272,304
272,305
272,306
272,307
272,308
272,309
272,310
272,311
272,312
272,313
272,314
272,326
272,327
272,330
272,350
272,351
272,380
272,381
272,382
272,466
272,467
272,469
272,487
272,537
273,259
273,266
273,274
273,350
273,469
274,158
274,159
274,275
274,276
274,281
274,282
274,331
274,332
274,333
274,345
274,374
274,466
274,467
274,468
274,469
274,471
274,472
274,476
274,477
275,158
275,159
275,274
275,276
275,282
275,345
275,467
275,468
275,469
275,471
275,472
275,476
275,477
276,243
276,246
276,248
276,249
276,250
276,251
276,252
276,253
276,277
276,278
276,279
276,280
276,281
276,282
276,283
276,284
276,285
276,286
276,287
276,345
276,346
276,349
276,351
276,473
277,158
277,159
277,279
277,283
277,284
277,300
277,345
277,346
277,469
277,473
277,474
277,476
277,477
277,479
278,271
278,279
278,280
278,281
278,282
278,283
278,285
278,286
278,287
278,349
278,351
278,472
278,473
278,474
279,280
279,281
279,282
279,285
279,287
279,349
279,351
279,473
280,278
280,279
280,281
280,285
280,286
280,287
280,349
280,351
280,466
280,473
280,474
280,485
281,277
281,278
281,279
281,282
281,283
281,285
281,286
281,287
281,349
281,351
281,466
281,468
281,474
282,158
282,159
282,274
282,283
282,285
282,331
282,332
282,333
282,374
282,476
282,477
283,158
283,159
283,277
283,284
283,285
283,377
283,378
283,379
283,476
283,477
283,479
284,158
284,159
284,277
284,283
284,300
284,346
284,476
284,477
284,479
285,278
285,279
285,286
285,287
285,341
285,342
285,349
285,351
285,382
286,183
286,287
286,351
287,276
287,278
287,279
287,280
287,285
287,349
287,351
288,71
288,233
288,234
288,276
288,278
288,279
288,280
288,285
288,286
288,287
288,289
288,290
288,300
288,337
288,341
288,342
288,349
288,351
288,382
288,468
288,469
288,472
288,473
288,474
288,477
288,484
288,486
288,545
289,286
289,287
289,290
290,234
290,271
290,278
290,281
290,282
290,283
290,285
290,286
290,287
290,337
291,292
291,293
291,299
291,331
291,345
291,467
291,469
291,472
291,476
291,477
291,484
291,486
291,487
292,70
292,293
292,294
292,296
292,298
292,299
292,300
292,301
292,302
292,304
292,331
292,332
292,333
292,334
292,345
292,404
292,467
292,468
292,469
292,472
292,476
292,477
292,486
292,487
292,489
292,534
292,535
292,543
292,667
293,292
293,294
293,295
293,299
293,331
293,345
293,467
293,468
293,469
293,472
293,476
293,477
293,486
293,487
293,489
293,543
294,236
294,265
294,299
294,305
294,331
294,345
294,466
294,467
294,468
294,469
294,472
294,476
294,477
294,489
294,543
295,71
295,296
295,297
295,302
295,347
295,473
295,476
296,71
296,245
296,246
296,248
296,250
296,253
296,295
296,297
296,298
296,299
296,300
296,301
296,302
296,304
296,319
296,345
296,346
296,347
296,473
296,476
296,553
296,667
297,71
297,295
297,302
297,307
297,326
297,327
297,330
297,335
297,336
297,337
297,338
297,339
297,347
297,473
297,476
298,299
298,301
298,302
298,347
298,479
298,482
298,485
299,298
299,302
299,331
299,345
299,467
299,468
299,469
299,472
299,476
299,477
299,479
299,482
299,485
299,543
300,269
300,270
300,271
300,272
300,277
300,278
300,279
300,280
300,283
300,284
300,285
300,302
300,303
300,304
300,310
300,311
300,326
300,327
300,345
300,346
300,381
300,382
300,667
301,272
301,302
301,303
301,304
301,305
301,306
301,309
301,310
301,314
302,253
302,276
302,279
302,281
302,287
302,304
302,305
302,306
302,308
302,310
302,311
302,341
302,342
302,344
302,345
302,346
302,347
302,349
302,376
302,379
302,473
302,476
302,479
302,667
302,767
303,272
303,304
303,305
303,306
303,307
303,309
303,310
303,311
303,313
303,314
304,272
304,303
304,305
304,306
304,307
304,308
304,309
304,310
304,311
304,312
304,313
304,314
304,380
304,381
304,382
304,667
305,253
305,278
305,279
305,280
305,281
305,285
305,287
305,306
305,307
305,308
305,309
305,310
305,311
305,312
305,313
305,314
305,340
305,341
305,343
305,351
305,466
306,276
306,281
306,307
306,308
306,309
306,310
306,311
306,313
306,314
306,349
306,380
306,381
306,382
306,469
306,487
307,308
307,309
307,310
307,311
307,312
307,313
307,314
307,469
307,473
307,537
308,90
308,95
308,279
308,287
308,310
308,311
308,312
308,469
308,473
308,629
309,271
309,310
309,313
309,382
310,90
310,95
310,311
310,312
310,313
310,314
310,473
310,486
310,537
310,555
311,90
311,95
311,312
311,313
311,473
311,537
312,90
312,95
312,310
312,313
312,473
312,486
312,555
313,301
313,310
313,314
313,347
314,303
314,306
314,309
314,380
314,382
315,316
315,323
315,374
315,476
315,477
316,315
316,345
316,476
316,477
317,318
317,319
318,319
320,296
320,317
320,318
320,319
320,321
320,346
320,376
320,378
320,379
320,472
320,473
320,553
321,272
321,296
321,301
321,304
321,306
321,307
321,310
321,314
321,317
321,319
321,324
321,325
321,328
321,329
321,346
321,348
321,351
321,472
321,473
321,475
321,482
321,483
321,553
322,345
322,346
322,358
322,359
322,360
322,363
323,315
323,316
323,345
323,469
323,476
323,477
323,483
324,325
324,328
324,329
324,348
324,351
324,382
324,475
325,328
325,329
325,348
325,351
325,475
326,271
326,272
326,297
326,307
326,327
326,328
326,330
326,348
326,351
327,271
327,272
327,297
327,307
327,328
327,330
327,348
327,351
327,375
328,243
328,247
328,248
328,250
328,251
328,253
328,271
328,272
328,302
328,307
328,326
328,327
328,329
328,330
328,340
328,341
328,342
328,343
328,348
328,351
328,375
329,321
329,324
329,325
329,348
329,351
329,380
329,382
329,475
330,271
330,272
330,300
330,307
330,326
330,327
330,348
330,351
330,375
331,235
331,236
331,237
331,255
331,274
331,275
331,276
331,282
331,299
331,374
331,375
331,472
331,476
331,477
331,543
332,333
332,334
332,375
332,543
333,334
333,375
333,437
333,543
334,158
334,375
334,543
335,283
335,284
335,336
335,337
335,338
335,339
335,379
336,283
336,284
336,335
336,337
336,338
336,339
336,379
337,278
337,282
337,283
337,284
337,285
337,335
337,338
337,339
337,379
338,283
338,284
338,335
338,339
338,379
339,284
339,335
339,379
340,206
340,214
340,253
340,270
340,271
340,278
340,285
340,286
340,287
340,302
340,342
340,343
341,214
341,253
341,271
341,285
341,342
341,343
341,344
342,253
342,287
342,343
342,344
343,271
344,209
344,212
344,253
344,264
344,267
344,271
344,305
344,328
344,340
344,341
344,343
345,154
345,155
345,156
345,158
345,159
345,240
345,241
345,242
345,255
345,265
345,274
345,275
345,282
345,283
345,284
345,291
345,292
345,298
345,299
345,301
345,302
345,315
345,316
345,323
345,354
345,356
345,374
345,377
345,378
345,379
345,473
345,476
345,477
345,525
345,538
345,540
345,541
345,542
345,543
346,158
346,159
346,242
346,246
346,252
346,253
346,262
346,263
346,277
346,283
346,284
346,300
346,317
346,318
346,319
346,376
346,377
346,378
346,379
346,474
346,476
346,477
346,479
346,487
347,301
347,302
347,310
347,526
349,285
349,286
349,287
349,351
349,382
350,380
350,382
351,246
351,254
351,278
351,280
351,281
351,285
351,286
351,287
352,331
352,345
352,353
352,354
352,355
352,356
352,357
353,331
353,345
353,354
353,355
353,356
353,357
354,331
354,345
354,356
354,357
354,358
354,359
354,360
354,363
355,331
355,345
355,356
355,357
356,331
356,345
356,357
357,277
357,283
357,284
357,331
357,345
357,346
357,366
357,367
357,369
357,381
358,345
358,346
358,359
358,360
358,363
359,345
359,346
359,360
359,361
359,362
359,363
359,364
360,345
360,346
360,363
361,345
361,346
361,362
361,363
361,364
361,466
361,472
362,345
362,346
362,363
362,364
362,466
362,472
363,345
363,346
363,364
363,466
363,472
364,345
364,346
364,466
364,472
365,368
365,370
365,371
365,372
365,543
366,244
366,248
366,249
366,251
366,252
366,253
366,367
366,369
366,373
366,381
366,466
366,469
366,472
366,476
367,243
367,244
367,246
367,247
367,248
367,249
367,250
367,253
367,254
367,351
367,369
367,373
367,381
367,466
367,469
367,472
367,476
368,370
368,371
368,372
369,244
369,253
369,355
369,357
369,366
369,373
369,381
369,466
369,469
369,472
369,476
370,371
370,372
371,365
371,372
372,365
373,253
373,381
374,118
374,119
374,120
374,121
374,155
374,156
374,186
374,189
374,255
375,327
375,345
375,476
375,477
376,265
376,319
376,345
376,346
376,378
376,379
377,133
377,283
377,284
377,378
377,379
378,133
378,283
378,284
378,303
378,319
378,379
378,380
378,382
379,265
379,283
379,284
379,319
379,377
379,378
380,300
380,303
380,306
380,314
380,324
380,329
380,381
380,382
380,476
381,253
381,285
381,382
382,286
382,300
382,303
382,324
382,351
382,380
382,487
383,391
384,385
384,386
384,387
385,245
385,246
385,251
385,253
385,254
385,386
385,387
385,568
385,573
385,728
385,729
385,730
385,731
385,750
385,770
385,773
385,775
385,778
386,250
386,252
386,387
386,568
386,573
386,728
386,729
386,730
386,731
386,750
386,773
386,775
386,778
387,245
387,246
387,251
387,253
387,254
388,383
388,391
389,390
390,389
391,383
391,388
392,159
392,188
392,383
392,393
392,403
392,404
392,405
392,406
392,408
392,410
392,449
392,450
392,492
392,493
392,534
392,535
392,543
392,544
393,188
393,239
393,243
393,249
393,253
393,383
393,392
393,403
393,404
393,405
393,406
393,410
393,534
393,535
393,543
393,544
393,731
394,413
394,460
394,494
395,237
395,396
395,397
395,398
395,541
396,397
396,398
396,541
397,398
397,541
398,541
400,402
401,396
401,397
401,398
402,399
403,4
403,71
403,117
403,119
403,150
403,188
403,189
403,191
403,196
403,404
403,405
403,406
403,407
403,408
403,411
403,414
403,430
403,467
403,472
403,476
403,477
403,492
403,493
403,494
403,495
403,525
403,535
403,636
403,664
403,694
403,702
403,775
404,70
404,185
404,186
404,188
404,189
404,383
404,406
404,408
404,411
404,412
404,415
404,421
404,430
404,431
404,469
404,472
404,476
404,477
404,492
404,493
404,534
404,535
404,636
404,638
404,664
404,692
404,694
404,728
404,731
405,71
405,135
405,143
405,406
405,407
405,414
405,472
405,476
405,494
405,495
405,535
406,71
406,535
406,540
406,541
406,551
407,403
407,405
407,495
407,775
408,4
408,71
408,188
408,189
408,345
408,403
408,406
408,407
408,411
408,412
408,415
408,420
408,450
408,473
408,476
408,492
408,494
408,495
408,535
408,538
408,540
408,541
408,542
408,544
408,554
408,577
408,770
408,775
409,191
409,194
409,196
409,449
409,450
409,516
409,525
409,571
409,794
410,158
410,186
410,189
410,392
410,535
410,544
410,571
411,188
411,189
411,403
411,406
411,407
411,408
411,476
411,494
411,495
411,535
411,549
411,764
412,413
412,414
412,415
412,421
412,422
412,479
412,502
412,542
412,550
412,764
413,414
413,415
413,479
413,494
413,502
413,550
414,495
416,412
416,413
416,417
416,420
416,423
416,441
416,450
416,456
416,495
416,496
416,503
416,506
416,507
416,621
417,69
417,189
417,198
417,201
417,202
417,412
417,413
417,414
417,415
417,420
417,436
417,440
417,479
417,493
417,494
417,502
417,527
417,537
417,538
417,542
417,549
417,550
417,552
417,553
417,554
417,555
417,556
417,609
417,621
417,763
417,764
417,772
417,773
418,205
418,206
418,216
418,217
418,412
418,419
418,420
418,421
418,422
418,423
418,424
418,425
418,426
418,427
418,428
418,429
418,459
418,483
418,542
418,553
418,767
419,415
419,420
419,421
419,422
419,423
419,424
419,425
419,426
419,427
419,429
419,459
419,483
419,540
419,542
419,550
419,767
420,68
420,408
420,412
420,413
420,421
420,422
420,423
420,424
420,425
420,426
420,427
420,456
420,459
420,468
420,494
420,537
420,539
420,540
420,541
420,542
420,551
420,553
420,555
420,621
420,766
420,767
420,774
421,412
421,415
421,422
421,423
421,424
421,425
421,426
421,427
421,428
421,429
421,459
421,537
421,540
421,541
421,542
421,550
421,553
421,766
421,767
421,774
422,205
422,206
422,216
422,217
422,408
422,411
422,412
422,415
422,423
422,424
422,425
422,426
422,427
422,428
422,429
422,459
422,472
422,507
422,538
422,539
422,540
422,541
422,542
422,551
422,552
422,553
422,554
422,555
422,556
422,620
422,764
423,205
423,216
423,217
423,424
423,425
423,426
423,427
423,428
423,429
423,441
423,459
423,495
423,503
423,542
423,553
424,211
424,412
424,420
424,421
424,422
424,423
424,425
424,426
424,427
424,428
424,429
424,538
424,539
424,542
424,552
424,554
424,556
424,767
425,408
425,426
425,540
425,541
425,542
426,555
427,205
427,206
427,217
427,428
427,429
427,542
428,429
428,542
429,422
429,542
430,79
430,85
430,116
430,118
430,120
430,189
430,404
430,405
430,406
430,431
430,432
430,434
430,435
430,436
430,466
430,476
430,493
430,511
430,534
430,567
430,568
430,571
430,690
430,691
430,692
430,693
430,694
430,703
430,729
430,730
430,731
430,732
430,783
431,71
431,85
431,152
431,153
431,154
431,155
431,156
431,188
431,403
431,404
431,405
431,432
431,434
431,435
431,436
431,466
431,472
431,476
431,534
431,559
431,564
431,567
431,568
431,571
431,636
431,638
431,694
431,729
431,730
431,731
431,732
431,783
432,2
432,4
432,80
432,81
432,430
432,431
432,433
432,434
432,435
432,436
432,449
432,466
432,472
432,476
432,497
432,559
432,564
432,565
432,567
432,571
432,574
432,690
432,691
432,692
432,694
432,731
432,776
432,778
432,794
433,430
433,431
434,80
434,85
434,403
434,404
434,405
434,406
434,408
434,411
434,430
434,431
434,435
434,436
434,449
434,450
434,472
434,492
434,493
434,494
434,534
434,535
434,543
434,568
434,572
434,691
434,692
434,693
434,694
434,729
434,730
434,732
435,85
435,404
435,430
435,431
435,436
435,439
435,472
435,534
435,568
435,572
435,573
435,694
436,413
436,430
436,431
436,476
436,543
436,559
436,564
436,567
436,693
436,694
436,731
437,438
437,439
437,446
437,494
437,701
437,767
438,437
438,439
438,443
438,445
438,446
438,447
438,502
438,503
438,504
438,505
438,506
438,511
438,639
438,732
438,733
438,734
438,735
438,760
439,438
439,443
439,444
439,446
439,447
439,472
439,508
439,509
439,639
439,698
439,703
440,159
440,412
440,413
440,437
440,438
440,439
440,441
440,442
440,444
440,445
440,447
440,448
440,451
440,452
440,456
440,476
440,482
440,496
440,499
440,502
440,504
440,505
440,507
440,508
440,509
440,510
440,697
440,700
440,763
440,764
440,775
441,93
441,333
441,437
441,438
441,439
441,442
441,444
441,445
441,446
441,448
441,466
441,476
441,482
441,486
441,567
441,572
441,675
441,701
441,705
441,740
441,742
441,750
441,770
441,775
442,93
442,431
442,438
442,439
442,444
442,675
443,437
443,439
443,444
443,445
443,446
443,447
443,452
443,453
443,476
443,487
443,499
443,502
443,507
443,508
443,509
443,733
444,431
444,437
444,438
444,439
444,445
444,448
444,451
444,452
444,485
444,487
444,499
444,508
444,604
444,639
444,703
444,705
444,740
444,742
445,438
445,439
445,447
445,448
445,486
445,567
445,679
445,734
445,775
446,437
446,438
446,439
446,447
446,766
447,438
447,439
447,443
447,444
447,446
447,487
448,1
448,3
448,96
448,97
448,99
448,102
448,438
448,439
448,440
448,441
448,442
448,443
448,444
448,445
448,482
448,486
448,566
448,622
448,623
448,726
448,739
448,740
448,742
448,756
449,3
449,4
449,5
449,7
449,54
449,61
449,65
449,66
449,67
449,68
449,70
449,71
449,80
449,85
449,119
449,154
449,156
449,157
449,158
449,159
449,188
449,189
449,193
449,334
449,392
449,393
449,403
449,404
449,408
449,409
449,410
449,411
449,430
449,431
449,432
449,434
449,435
449,450
449,451
449,452
449,468
449,469
449,471
449,476
449,477
449,478
449,481
449,492
449,493
449,534
449,535
449,543
449,545
449,559
449,564
449,599
449,636
449,664
449,665
449,666
449,669
449,691
449,692
449,693
449,694
449,727
449,731
449,740
449,743
449,745
449,747
449,748
449,750
449,770
449,775
449,794
450,3
450,4
450,5
450,7
450,11
450,54
450,61
450,65
450,66
450,67
450,68
450,69
450,70
450,71
450,80
450,85
450,119
450,154
450,155
450,156
450,157
450,158
450,159
450,173
450,176
450,177
450,181
450,188
450,189
450,191
450,193
450,196
450,245
450,246
450,252
450,334
450,351
450,363
450,392
450,393
450,403
450,404
450,405
450,407
450,409
450,410
450,413
450,420
450,430
450,434
450,435
450,449
450,453
450,456
450,457
450,461
450,468
450,469
450,471
450,476
450,477
450,478
450,481
450,493
450,525
450,534
450,535
450,543
450,545
450,621
450,636
450,664
450,669
450,690
450,692
450,694
450,727
450,731
450,747
450,748
450,750
450,779
450,781
450,782
450,783
450,794
451,4
451,94
451,157
451,189
451,190
451,239
451,439
451,443
451,452
451,453
451,454
451,456
451,457
451,471
451,472
451,476
451,477
451,485
451,503
451,510
451,525
451,536
451,543
451,547
451,550
451,554
451,734
451,749
451,750
451,751
451,772
451,798
452,4
452,94
452,239
452,243
452,248
452,249
452,250
452,253
452,439
452,443
452,446
452,451
452,453
452,454
452,456
452,457
452,463
452,471
452,472
452,476
452,477
452,485
452,503
452,510
452,519
452,530
452,543
452,550
452,734
452,749
452,750
452,751
452,772
452,798
453,94
453,157
453,189
453,190
453,239
453,363
453,439
453,454
453,456
453,457
453,472
453,496
453,497
453,503
453,543
453,596
453,614
453,616
453,617
453,749
453,751
453,754
454,157
454,239
454,243
454,248
454,249
454,250
454,253
454,456
454,457
454,476
454,496
454,497
454,503
454,519
454,530
454,543
454,614
454,616
454,617
456,3
456,7
456,94
456,123
456,125
456,127
456,157
456,189
456,190
456,239
456,363
456,413
456,439
456,443
456,446
456,450
456,451
456,452
456,453
456,454
456,457
456,465
456,471
456,472
456,476
456,477
456,482
456,485
456,510
456,543
456,545
456,550
456,555
456,596
456,621
456,749
456,750
456,751
456,754
457,123
457,125
457,127
457,157
457,189
457,190
457,239
457,363
457,443
457,446
457,451
457,452
457,453
457,454
457,472
457,543
458,459
458,460
458,462
458,463
458,486
458,751
459,206
459,408
459,438
459,446
459,460
459,462
459,502
459,509
459,527
459,537
459,539
459,540
459,541
459,548
459,751
460,389
460,390
460,413
460,438
460,455
460,462
460,463
460,494
460,502
460,751
461,245
461,246
461,250
461,252
461,351
461,462
461,463
461,543
462,47
462,751
464,461
464,463
464,465
465,446
465,450
465,455
465,458
465,459
465,460
465,461
465,462
465,463
465,466
465,486
466,57
466,85
466,255
466,274
466,275
466,278
466,281
466,282
466,287
466,345
466,346
466,373
466,381
466,382
466,403
466,404
466,405
466,406
466,430
466,436
466,437
466,445
466,467
466,474
466,483
466,490
466,492
466,503
466,509
466,511
466,515
466,517
466,518
466,525
466,534
466,535
466,537
466,543
466,573
466,691
466,692
466,694
466,701
466,703
466,750
467,85
467,140
467,143
467,150
467,191
467,219
467,220
467,246
467,271
467,275
467,282
467,303
467,340
467,343
467,345
467,346
467,376
467,379
467,382
467,404
467,408
467,411
467,468
467,471
467,475
467,525
467,534
467,535
467,536
467,537
467,543
467,561
467,567
467,574
467,599
467,612
467,613
467,614
467,669
467,691
467,692
467,693
467,694
467,695
467,699
467,703
467,731
467,749
468,71
468,85
468,158
468,159
468,223
468,277
468,279
468,282
468,283
468,284
468,287
468,345
468,346
468,467
468,470
468,472
468,473
468,477
468,518
468,525
468,533
468,536
468,540
468,541
468,543
468,548
468,559
468,564
468,599
468,604
468,612
468,613
468,614
468,615
468,620
468,636
468,639
468,663
468,696
468,700
468,728
468,729
468,730
468,731
468,733
468,734
468,735
468,749
468,751
468,773
468,775
468,799
469,135
469,143
469,152
469,153
469,154
469,155
469,156
469,189
469,255
469,277
469,282
469,283
469,284
469,286
469,287
469,310
469,315
469,316
469,345
469,346
469,389
469,390
469,473
469,476
469,511
469,534
469,535
469,536
469,540
469,541
469,543
469,636
469,638
469,728
469,730
470,476
470,615
470,694
470,762
470,763
470,764
471,282
471,327
471,328
471,330
471,345
471,375
471,476
472,32
472,33
472,61
472,97
472,121
472,135
472,140
472,143
472,189
472,191
472,193
472,271
472,274
472,282
472,287
472,317
472,319
472,340
472,345
472,346
472,381
472,404
472,422
472,430
472,448
472,449
472,450
472,451
472,452
472,456
472,459
472,468
472,471
472,473
472,474
472,476
472,510
472,519
472,534
472,535
472,537
472,540
472,541
472,542
472,543
472,547
472,554
472,560
472,571
472,572
472,573
472,587
472,595
472,599
472,601
472,603
472,612
472,615
472,620
472,639
472,669
472,694
472,695
472,697
472,698
472,700
472,702
472,705
472,713
472,723
472,731
472,794
472,795
472,799
473,223
473,226
473,240
473,241
473,242
473,245
473,247
473,248
473,249
473,250
473,251
473,252
473,254
473,283
473,284
473,285
473,286
473,287
473,317
473,319
473,345
473,346
473,349
473,479
473,515
473,516
473,518
473,533
473,540
473,541
473,548
474,251
474,277
474,278
474,279
474,283
474,284
474,287
474,346
474,485
474,515
474,526
474,533
475,35
475,38
475,252
475,253
475,422
475,499
475,503
475,541
476,4
476,37
476,61
476,68
476,125
476,127
476,151
476,152
476,153
476,154
476,155
476,156
476,158
476,159
476,188
476,189
476,190
476,191
476,207
476,214
476,218
476,220
476,253
476,255
476,303
476,315
476,316
476,345
476,381
476,382
476,389
476,390
476,405
476,406
476,445
476,451
476,452
476,471
476,477
476,497
476,510
476,525
476,540
476,541
476,543
476,559
476,564
476,583
476,596
476,606
476,639
476,693
476,694
476,700
476,703
476,733
476,734
476,772
476,797
476,798
477,5
477,117
477,119
477,121
477,152
477,153
477,154
477,155
477,156
477,161
477,189
477,191
477,255
477,278
477,285
477,287
477,389
477,390
477,415
477,470
477,515
477,526
477,530
477,533
477,543
477,615
477,674
477,675
477,799
478,6
478,599
478,639
478,734
478,750
478,766
480,5
480,12
480,13
480,14
480,36
480,255
480,260
480,261
480,265
480,277
480,283
480,284
480,345
480,346
480,438
480,449
480,450
480,451
480,452
480,453
480,456
480,459
480,460
480,502
480,537
480,799
481,70
481,152
481,153
481,154
481,155
481,156
481,189
481,235
481,237
481,250
481,253
481,274
481,275
481,278
481,280
481,281
481,282
481,285
481,287
481,292
481,293
481,294
481,298
481,299
481,302
481,345
481,375
481,404
481,408
481,438
481,486
481,511
481,513
481,522
481,525
481,534
481,535
481,536
481,537
481,538
481,543
481,546
481,547
481,550
481,554
481,567
481,647
481,652
481,653
481,654
481,678
481,679
481,681
481,685
481,699
481,702
481,731
482,11
482,61
482,67
482,85
482,105
482,109
482,116
482,118
482,120
482,152
482,153
482,154
482,155
482,156
482,164
482,165
482,169
482,171
482,189
482,206
482,221
482,222
482,229
482,231
482,235
482,237
482,240
482,241
482,242
482,255
482,260
482,261
482,265
482,274
482,275
482,277
482,282
482,283
482,284
482,291
482,292
482,293
482,295
482,296
482,297
482,298
482,299
482,302
482,315
482,316
482,323
482,324
482,325
482,329
482,345
482,346
482,375
482,421
482,431
482,445
482,451
482,452
482,453
482,454
482,456
482,457
482,468
482,472
482,499
482,501
482,506
482,508
482,517
482,518
482,525
482,531
482,533
482,536
482,537
482,541
482,542
482,546
482,547
482,548
482,550
482,551
482,573
482,710
482,717
482,723
482,726
482,739
482,742
482,744
482,745
482,746
482,795
482,799
483,164
483,165
483,169
483,171
483,235
483,237
483,243
483,248
483,249
483,250
483,252
483,253
483,255
483,259
483,261
483,262
483,263
483,264
483,265
483,266
483,269
483,277
483,278
483,280
483,281
483,283
483,284
483,285
483,286
483,292
483,293
483,294
483,295
483,296
483,297
483,299
483,300
483,302
483,307
483,315
483,316
483,324
483,325
483,326
483,327
483,329
483,330
483,340
483,345
483,346
483,375
483,421
483,424
483,536
483,543
483,554
483,567
483,574
484,262
484,263
484,264
484,267
484,278
484,279
484,280
484,285
484,286
484,292
484,293
484,304
484,305
484,306
484,310
484,331
484,340
485,71
485,152
485,153
485,154
485,155
485,156
485,189
485,262
485,263
485,264
485,269
485,277
485,283
485,284
485,287
485,302
485,346
485,615
486,43
486,57
486,152
486,153
486,154
486,155
486,156
486,169
486,171
486,188
486,235
486,237
486,240
486,241
486,242
486,243
486,248
486,249
486,250
486,251
486,252
486,253
486,255
486,262
486,263
486,264
486,267
486,274
486,275
486,276
486,278
486,282
486,285
486,286
486,295
486,296
486,297
486,301
486,302
486,304
486,306
486,310
486,345
486,346
486,366
486,375
486,376
486,379
486,459
486,468
486,469
486,471
486,478
486,496
486,497
486,507
486,511
486,518
486,521
486,522
486,523
486,525
486,536
486,540
486,541
486,554
486,555
486,561
486,562
486,567
486,569
486,596
486,599
486,600
486,731
487,12
487,13
487,14
487,55
487,169
487,171
487,173
487,176
487,177
487,181
487,235
487,237
487,244
487,255
487,274
487,275
487,277
487,282
487,283
487,284
487,302
487,345
487,346
487,366
487,367
487,369
487,375
487,376
487,379
487,403
487,404
487,405
487,495
487,534
487,535
487,688
488,265
488,346
488,537
489,299
489,478
489,543
489,717
489,726
490,491
490,511
490,522
491,502
491,503
491,505
491,511
491,691
491,693
491,694
492,4
492,6
492,85
492,152
492,153
492,154
492,155
492,156
492,158
492,188
492,383
492,403
492,404
492,405
492,406
492,430
492,431
492,432
492,434
492,435
492,436
492,467
492,472
492,476
492,493
492,494
492,495
492,503
492,509
492,511
492,524
492,534
492,535
492,567
492,568
492,573
492,636
492,638
492,690
492,691
492,692
492,693
492,694
492,748
492,775
492,783
493,6
493,158
493,189
493,383
493,403
493,404
493,405
493,406
493,412
493,413
493,430
493,431
493,434
493,435
493,466
493,467
493,472
493,476
493,479
493,492
493,494
493,495
493,511
493,522
493,524
493,525
493,534
493,535
493,559
493,567
493,568
493,571
493,573
493,638
493,690
493,691
493,692
493,693
493,694
493,748
493,775
493,783
494,405
494,413
494,436
494,497
494,508
494,533
494,536
494,538
494,542
494,559
494,567
494,639
494,656
494,657
494,763
494,767
494,775
494,782
495,403
495,404
495,405
495,407
495,408
495,411
495,441
495,466
495,469
495,503
495,534
495,535
495,664
495,783
496,4
496,90
496,438
496,439
496,440
496,443
496,444
496,446
496,476
496,479
496,493
496,497
496,498
496,499
496,500
496,502
496,503
496,504
496,505
496,506
496,507
496,508
496,509
496,510
496,515
496,523
496,525
496,528
496,530
496,533
496,575
496,697
496,702
496,733
496,773
497,411
497,436
497,440
497,444
497,452
497,472
497,475
497,476
497,479
497,493
497,499
497,501
497,502
497,503
497,505
497,506
497,507
497,508
497,509
497,510
497,516
497,521
497,523
497,525
497,526
497,530
497,533
497,575
497,626
497,659
497,663
497,697
497,733
497,773
497,776
498,444
498,499
498,506
498,507
498,508
498,509
498,555
499,497
499,501
499,502
499,503
499,504
499,505
499,506
499,507
499,508
499,509
499,510
499,516
499,526
501,437
501,494
501,503
501,504
501,506
501,508
501,509
501,526
501,663
501,767
502,440
502,443
502,446
502,476
502,503
502,504
502,505
502,506
502,507
502,509
502,510
502,702
503,441
503,443
503,502
503,505
503,506
503,507
503,509
503,599
503,669
503,749
503,751
503,753
504,438
504,443
504,444
504,446
504,482
504,496
504,498
504,499
504,502
504,503
504,505
504,506
504,508
504,509
504,510
504,516
504,523
504,525
504,714
504,723
505,4
505,443
505,444
505,446
505,476
505,479
505,493
505,496
505,497
505,499
505,501
505,502
505,503
505,506
505,507
505,508
505,509
505,510
505,516
505,523
505,525
505,526
505,575
505,698
505,701
505,702
505,714
505,723
505,733
505,773
506,443
506,444
506,446
506,482
506,497
506,498
506,499
506,502
506,503
506,507
506,508
506,509
506,510
506,516
506,523
506,525
506,630
506,763
506,764
507,411
507,440
507,446
507,476
507,493
507,496
507,499
507,500
507,502
507,506
507,509
507,510
507,525
507,567
507,701
507,703
507,763
507,764
508,446
508,499
508,501
508,502
508,507
508,509
508,510
509,499
509,501
509,502
509,503
509,505
509,510
509,702
509,703
509,750
510,499
510,503
510,507
510,509
510,699
510,702
512,5
512,64
512,65
512,66
512,67
512,85
512,158
512,186
512,243
512,246
512,248
512,249
512,251
512,252
512,253
512,403
512,404
512,405
512,406
512,408
512,411
512,430
512,435
512,449
512,468
512,476
512,477
512,492
512,493
512,497
512,522
512,524
512,530
512,534
512,535
512,544
512,559
512,564
512,566
512,571
512,577
512,578
512,581
512,608
512,609
512,610
512,611
512,612
512,614
512,639
512,645
512,690
512,691
512,692
512,693
512,694
512,698
512,703
512,727
512,728
512,729
512,730
512,732
512,750
512,770
512,771
512,772
512,775
512,776
512,777
512,779
512,781
512,782
512,783
513,69
513,71
513,76
513,77
513,430
513,466
513,469
513,486
513,490
513,491
513,492
513,493
513,511
513,517
513,518
513,521
513,522
513,523
513,527
513,530
513,531
513,533
513,535
513,543
513,568
513,573
513,636
513,664
513,693
513,694
513,771
513,772
513,779
514,475
514,476
514,515
514,518
514,519
514,526
514,528
514,530
514,533
515,87
515,347
515,413
515,452
515,454
515,468
515,475
515,476
515,486
515,516
515,517
515,518
515,519
515,520
515,526
515,527
515,528
515,529
515,530
515,531
515,532
515,533
515,548
515,549
515,554
515,555
515,556
515,612
515,788
516,413
516,479
516,494
516,497
516,499
516,501
516,503
516,504
516,507
516,508
516,509
516,510
516,518
516,519
516,520
516,526
516,527
516,530
516,531
516,533
516,554
516,556
517,518
517,519
517,520
517,526
517,527
517,531
517,533
517,554
518,473
518,476
518,519
518,520
518,526
518,527
518,528
518,530
518,531
518,532
518,533
518,554
518,556
518,696
519,440
519,467
519,475
519,476
519,520
519,526
519,528
519,530
519,531
519,532
519,533
519,554
520,413
520,440
520,473
520,506
520,515
520,516
520,517
520,518
520,519
520,526
520,528
520,530
520,531
520,532
520,533
520,548
520,554
520,556
520,612
520,617
520,626
520,696
521,70
521,467
521,477
521,478
521,479
521,511
521,522
521,523
521,525
521,526
521,545
521,618
521,639
522,76
522,77
522,158
522,403
522,404
522,405
522,408
522,411
522,430
522,466
522,469
522,490
522,491
522,492
522,493
522,511
522,523
522,524
522,530
522,533
522,534
522,535
522,543
522,568
522,573
522,636
522,664
522,690
522,691
522,692
522,693
522,694
522,779
523,70
523,467
523,477
523,478
523,479
523,496
523,502
523,503
523,507
523,511
523,521
523,524
523,525
523,526
523,527
523,545
523,639
524,186
524,403
524,404
524,405
524,406
524,408
524,411
524,492
524,493
524,534
524,535
524,559
524,690
524,693
524,694
524,703
524,728
524,730
524,732
525,70
525,119
525,188
525,467
525,476
525,478
525,479
525,485
525,486
525,493
525,496
525,502
525,503
525,506
525,507
525,510
525,515
525,521
525,526
525,527
525,530
525,533
525,545
525,639
526,440
526,467
526,475
526,503
526,504
526,510
526,518
526,519
526,527
526,528
526,529
526,530
526,531
526,532
526,533
526,696
527,412
527,413
527,438
527,511
527,530
527,531
527,533
527,536
527,537
527,540
527,541
528,438
528,439
528,467
528,475
528,476
528,497
528,501
528,502
528,503
528,505
528,506
528,514
528,515
528,516
528,518
528,519
528,525
528,526
528,530
528,531
528,532
528,533
528,612
529,511
529,515
529,516
529,518
529,522
529,525
529,526
529,530
529,533
530,188
530,347
530,438
530,473
530,476
530,502
530,504
530,510
530,511
530,514
530,515
530,516
530,518
530,519
530,525
530,526
530,527
530,531
530,532
530,533
530,548
530,554
530,696
530,776
530,788
531,476
531,515
531,517
531,518
531,520
531,525
531,526
531,532
531,533
531,555
532,439
532,486
532,518
532,525
532,526
532,533
533,188
533,438
533,440
533,473
533,475
533,476
533,479
533,502
533,508
533,511
533,517
533,518
533,519
533,525
533,526
533,527
534,68
534,118
534,120
534,159
534,185
534,186
534,188
534,189
534,191
534,383
534,408
534,411
534,431
534,472
534,476
534,535
534,636
534,638
534,664
534,731
535,116
535,118
535,120
535,185
535,186
535,189
535,405
535,407
535,408
535,411
535,422
535,431
535,472
535,476
535,507
535,511
535,534
535,537
535,543
535,636
535,638
535,731
535,764
536,185
536,187
536,189
536,404
536,413
536,476
536,477
536,509
536,535
536,537
536,539
536,541
536,542
536,546
536,547
536,549
536,551
536,552
536,554
536,612
536,639
536,728
536,731
537,185
537,189
537,346
537,412
537,413
537,415
537,422
537,459
537,475
537,477
537,536
537,538
537,539
537,541
537,542
537,543
537,547
537,548
537,553
537,554
537,556
538,411
538,415
538,419
538,421
538,475
538,477
538,539
538,540
538,541
538,542
538,549
538,553
538,763
539,411
539,415
539,419
539,421
539,422
539,537
539,538
539,540
539,541
539,542
539,549
539,553
540,70
540,406
540,422
540,459
540,509
540,541
540,542
540,548
540,551
540,556
541,206
541,207
541,406
541,422
541,459
541,468
541,509
541,540
541,542
541,548
541,551
541,554
541,556
541,763
542,207
542,415
542,423
542,556
543,191
543,217
543,246
543,250
543,251
543,351
543,511
543,535
543,545
543,671
544,3
544,4
544,11
544,32
544,65
544,66
544,67
544,68
544,70
544,85
544,117
544,119
544,121
544,152
544,153
544,154
544,155
544,156
544,161
544,188
544,189
544,193
544,321
544,324
544,325
544,329
544,392
544,393
544,403
544,404
544,405
544,406
544,408
544,410
544,411
544,430
544,431
544,436
544,441
544,445
544,449
544,450
544,452
544,453
544,454
544,456
544,466
544,467
544,472
544,476
544,477
544,492
544,493
544,494
544,495
544,496
544,497
544,503
544,511
544,512
544,513
544,517
544,518
544,521
544,522
544,523
544,524
544,525
544,526
544,533
544,535
544,543
544,545
544,547
544,563
544,575
544,608
544,609
544,610
544,611
544,672
544,690
544,693
544,694
544,697
544,699
544,701
544,702
544,703
544,704
544,705
544,731
544,763
544,764
544,771
544,772
545,66
545,67
545,85
545,130
545,131
545,132
545,191
545,193
545,194
545,196
545,205
545,206
545,209
545,211
545,217
545,236
545,243
545,247
545,253
545,258
545,265
545,271
545,278
545,279
545,280
545,281
545,282
545,285
545,286
545,287
545,290
545,294
545,305
545,349
545,351
545,412
545,413
545,417
545,449
545,450
545,451
545,466
545,468
545,469
545,473
545,476
545,482
545,486
545,515
545,517
545,518
545,520
545,521
545,523
545,525
545,526
545,531
545,534
545,535
545,536
545,537
545,540
545,541
545,542
545,543
545,546
545,547
545,550
545,551
545,553
545,554
545,555
545,575
545,612
545,699
545,701
545,706
545,775
546,69
546,130
546,131
546,132
546,185
546,187
546,189
546,197
546,198
546,201
546,202
546,222
546,228
546,229
546,230
546,404
546,413
546,422
546,424
546,451
546,467
546,468
546,469
546,476
546,477
546,483
546,486
546,494
546,509
546,527
546,535
546,536
546,537
546,547
546,548
546,549
546,550
546,551
546,552
546,553
546,554
546,555
546,556
546,612
546,613
546,614
546,615
546,639
546,642
546,643
546,728
546,731
547,69
547,130
547,131
547,132
547,185
547,187
547,189
547,197
547,198
547,201
547,202
547,222
547,228
547,229
547,230
547,300
547,302
547,310
547,311
547,404
547,413
547,422
547,424
547,441
547,445
547,459
547,467
547,468
547,469
547,476
547,477
547,483
547,486
547,494
547,509
547,527
547,535
547,536
547,537
547,541
547,546
547,548
547,549
547,550
547,551
547,552
547,553
547,554
547,555
547,556
547,563
547,612
547,613
547,614
547,615
547,639
547,642
547,643
547,728
547,731
547,763
548,134
548,136
548,141
548,145
548,406
548,408
548,421
548,425
548,459
548,472
548,536
548,537
548,538
548,540
548,541
548,542
548,550
548,551
548,552
548,553
548,554
548,620
549,185
549,189
549,202
549,229
549,230
549,412
549,413
549,459
549,468
549,475
549,486
549,518
549,527
549,536
549,537
549,538
549,539
549,540
549,541
549,542
549,550
549,551
549,553
549,554
549,556
550,230
550,302
550,303
550,304
550,306
550,307
550,308
550,309
550,310
550,311
550,312
550,313
550,314
550,412
550,413
550,415
550,468
550,469
550,473
550,475
550,476
550,496
550,503
550,506
550,516
550,525
550,526
550,530
550,536
550,537
550,538
550,540
550,541
550,547
550,551
550,552
550,553
550,554
550,555
550,620
550,621
550,639
550,767
551,189
551,201
551,202
551,408
551,459
551,469
551,476
551,499
551,503
551,505
551,507
551,536
551,538
551,540
551,541
551,553
551,554
551,556
551,639
552,302
552,412
552,413
552,415
552,459
552,509
552,527
552,536
552,537
552,538
552,539
552,540
552,541
552,546
552,547
552,553
552,554
552,556
552,767
553,189
553,201
553,202
553,302
553,307
553,308
553,310
553,311
553,312
553,319
553,346
553,408
553,412
553,413
553,426
553,459
553,536
553,537
553,538
553,539
553,540
553,541
553,542
553,554
553,555
553,556
553,767
554,141
554,142
554,145
554,148
554,187
554,189
554,202
554,217
554,300
554,302
554,310
554,311
554,406
554,408
554,412
554,413
554,415
554,419
554,421
554,422
554,459
554,468
554,469
554,472
554,475
554,476
554,477
554,479
554,494
554,496
554,497
554,505
554,509
554,515
554,517
554,518
554,519
554,526
554,530
554,531
554,536
554,537
554,538
554,539
554,540
554,541
554,542
554,546
554,547
554,548
554,550
554,551
554,555
554,556
554,620
554,621
554,639
554,699
554,703
554,731
555,308
555,310
555,311
555,312
555,412
555,413
555,452
555,459
555,473
555,486
555,499
555,509
555,518
555,536
555,540
555,541
555,550
556,408
556,412
556,413
556,422
556,469
556,472
556,473
556,518
556,527
556,536
556,537
556,538
556,539
556,540
556,541
556,542
556,543
556,549
557,558
559,5
559,7
559,493
559,564
559,773
559,774
559,775
560,0
560,7
560,8
560,94
560,95
560,466
560,467
560,468
560,476
560,478
560,489
560,545
560,564
560,569
560,570
560,575
560,596
560,599
560,602
560,606
560,608
560,610
560,613
560,618
560,694
560,695
560,700
560,705
560,729
560,731
560,734
560,735
560,736
560,737
560,738
560,763
560,764
560,775
560,777
560,785
560,786
560,787
560,788
561,3
561,6
561,444
561,468
561,476
561,482
561,486
561,562
561,563
561,567
561,569
561,596
561,598
561,599
561,611
561,621
561,673
561,700
561,739
561,742
561,750
561,751
561,779
561,780
561,793
562,7
562,444
562,476
562,561
562,563
562,569
562,573
562,596
562,599
562,611
562,621
562,731
562,750
562,766
562,767
562,780
562,790
562,791
562,793
563,7
563,441
563,444
563,445
563,468
563,486
563,562
563,567
563,596
563,598
563,599
563,621
563,699
563,703
563,731
563,734
563,750
563,766
563,767
563,790
563,791
563,793
564,5
564,7
564,68
564,438
564,445
564,493
564,494
564,524
564,559
564,573
564,693
564,694
564,750
564,773
564,774
564,775
564,782
564,783
565,574
566,440
566,568
566,671
566,703
566,727
566,728
566,729
566,730
566,731
566,732
567,7
567,568
567,679
567,702
567,703
567,731
567,791
568,189
568,466
568,472
568,476
568,477
568,481
568,483
568,493
568,511
568,561
568,562
568,566
568,567
568,569
568,571
568,572
568,573
568,574
568,694
568,697
568,699
568,700
568,702
568,705
568,728
568,729
568,730
568,731
568,732
568,733
568,734
568,749
568,765
568,767
568,769
568,776
568,783
569,7
569,467
569,476
569,483
569,561
569,562
569,564
569,567
569,571
569,574
569,608
569,613
569,751
570,705
570,734
570,749
570,751
571,4
571,5
571,7
571,71
571,158
571,404
571,430
571,431
571,432
571,436
571,445
571,476
571,492
571,493
571,534
571,559
571,567
571,572
571,573
571,691
571,692
571,693
571,694
571,699
571,700
571,703
571,731
571,733
571,750
571,783
572,430
572,445
572,559
572,573
572,694
573,7
573,71
573,95
573,430
573,439
573,476
573,477
573,511
573,559
573,563
573,565
573,621
573,690
573,691
573,693
573,727
573,783
574,567
576,1
576,7
576,430
576,466
576,561
576,562
576,563
576,573
576,574
576,575
576,577
576,703
577,2
577,4
577,5
577,7
577,34
577,68
577,71
577,74
577,75
577,403
577,404
577,411
577,430
577,432
577,436
577,444
577,467
577,468
577,469
577,472
577,476
577,492
577,493
577,522
577,525
577,534
577,559
577,561
577,562
577,563
577,564
577,573
577,578
577,579
577,580
577,581
577,582
577,595
577,609
577,610
577,611
577,636
577,637
577,671
577,690
577,691
577,692
577,693
577,694
577,695
577,696
577,698
577,702
577,703
577,705
577,727
577,728
577,730
577,731
577,732
577,747
577,748
577,749
577,750
577,751
577,754
577,757
577,763
577,770
577,771
577,773
577,775
577,776
577,778
577,779
577,781
577,782
577,783
578,71
578,468
578,469
578,522
578,559
578,564
578,573
578,579
578,581
578,595
578,690
578,691
578,692
578,693
578,694
578,696
578,703
578,747
578,748
578,750
578,771
578,773
578,775
578,776
579,71
579,443
579,451
579,452
579,456
579,467
579,468
579,559
579,578
579,580
579,581
579,595
579,596
579,599
579,604
579,636
579,637
579,731
579,747
579,757
580,731
581,469
581,522
581,595
581,599
581,600
581,690
581,731
581,747
581,748
581,749
581,750
582,589
582,590
582,595
582,596
582,599
582,600
582,604
583,444
583,595
583,599
583,600
583,604
584,595
584,597
584,600
584,601
584,603
584,604
585,589
585,591
585,601
585,606
586,599
587,439
587,599
587,600
587,604
587,606
587,751
587,754
587,760
588,583
588,599
589,472
589,590
589,591
589,599
589,601
589,603
589,604
589,606
590,599
591,472
591,601
591,603
591,604
591,606
592,8
592,596
592,599
592,602
592,604
592,751
592,753
592,757
592,760
593,482
593,710
593,723
594,586
594,599
595,71
595,444
595,445
595,468
595,469
595,559
595,564
595,579
595,580
595,581
595,582
595,583
595,596
595,597
595,598
595,599
595,600
595,601
595,604
595,606
595,612
595,637
595,692
595,693
595,731
595,734
595,748
595,757
595,760
595,762
595,763
595,764
595,771
596,583
596,599
596,600
596,606
596,699
596,700
596,731
596,734
596,735
596,749
596,757
596,762
596,763
597,600
597,601
597,603
597,604
598,445
598,596
598,599
598,600
598,604
598,731
598,763
598,764
599,445
599,568
599,588
599,596
599,600
599,602
599,604
599,606
599,695
599,696
599,699
599,700
599,731
599,733
599,734
599,735
599,751
599,760
599,763
599,764
599,766
599,790
600,444
600,445
600,579
600,583
600,587
600,588
600,592
600,595
600,596
600,598
600,599
600,601
600,604
600,606
600,711
600,724
600,726
600,731
600,739
600,742
600,749
600,751
600,754
600,757
600,760
601,586
601,594
601,595
601,597
601,599
601,603
601,604
601,606
602,579
602,582
602,595
602,596
602,599
602,604
603,595
603,597
603,604
604,566
604,578
604,583
604,588
604,596
604,598
604,599
604,606
604,701
604,703
604,749
604,751
604,757
606,583
608,3
608,4
608,6
608,69
608,70
608,71
608,74
608,75
608,160
608,189
608,193
608,403
608,404
608,405
608,430
608,432
608,434
608,435
608,436
608,449
608,450
608,451
608,452
608,456
608,467
608,468
608,469
608,471
608,472
608,477
608,492
608,493
608,494
608,495
608,511
608,513
608,522
608,525
608,534
608,535
608,544
608,559
608,564
608,566
608,568
608,572
608,573
608,577
608,578
608,579
608,581
608,595
608,609
608,610
608,611
608,613
608,636
608,637
608,638
608,639
608,642
608,644
608,645
608,664
608,665
608,666
608,668
608,671
608,672
608,687
608,690
608,691
608,692
608,693
608,694
608,705
608,729
608,730
608,731
608,747
608,748
608,750
608,770
608,771
608,772
608,775
608,776
608,794
609,1
609,4
609,6
609,70
609,74
609,75
609,412
609,413
609,436
609,449
609,450
609,467
609,468
609,469
609,471
609,472
609,477
609,492
609,493
609,494
609,495
609,522
609,537
609,566
609,568
609,572
609,573
609,577
609,579
609,595
609,608
609,610
609,611
609,636
609,637
609,638
609,656
609,657
609,664
609,665
609,666
609,668
609,671
609,672
609,687
609,691
609,692
609,693
609,694
609,731
609,747
609,748
609,750
609,771
609,772
609,775
609,776
610,4
610,5
610,70
610,74
610,75
610,404
610,436
610,467
610,468
610,469
610,471
610,472
610,477
610,486
610,492
610,493
610,494
610,495
610,521
610,522
610,523
610,525
610,534
610,559
610,561
610,562
610,564
610,566
610,568
610,569
610,572
610,573
610,577
610,579
610,581
610,595
610,608
610,609
610,611
610,636
610,637
610,638
610,664
610,665
610,668
610,671
610,672
610,687
610,690
610,691
610,692
610,693
610,694
610,731
610,747
610,748
610,750
610,771
610,772
610,775
610,776
610,783
611,4
611,6
611,69
611,70
611,71
611,74
611,75
611,189
611,403
611,404
611,405
611,406
611,434
611,435
611,436
611,467
611,468
611,469
611,471
611,472
611,477
611,492
611,493
611,494
611,495
611,522
611,534
611,559
611,561
611,562
611,563
611,564
611,566
611,568
611,572
611,573
611,577
611,579
611,581
611,595
611,608
611,609
611,621
611,636
611,637
611,638
611,664
611,665
611,666
611,668
611,671
611,672
611,677
611,687
611,691
611,692
611,693
611,694
611,731
611,747
611,748
611,750
611,772
611,775
611,776
612,4
612,7
612,9
612,71
612,453
612,454
612,456
612,467
612,468
612,470
612,472
612,477
612,478
612,485
612,494
612,517
612,518
612,521
612,523
612,525
612,536
612,550
612,551
612,552
612,554
612,595
612,596
612,613
612,614
612,615
612,616
612,617
612,618
612,636
612,639
612,640
612,642
612,644
612,645
612,656
612,657
612,664
612,665
612,667
612,668
612,669
612,676
612,677
612,697
612,702
612,703
612,731
612,734
612,763
612,772
612,776
613,4
613,9
613,71
613,467
613,468
613,470
613,472
613,477
613,478
613,485
613,496
613,502
613,505
613,536
613,550
613,554
613,614
613,615
613,616
613,617
613,618
613,639
613,645
613,656
613,657
613,664
613,665
613,667
613,668
613,669
613,677
613,702
613,734
613,763
613,772
613,776
614,456
614,468
614,477
614,478
614,536
614,551
614,595
614,612
614,613
614,615
614,616
614,617
614,618
614,639
614,645
614,656
614,657
614,668
614,697
614,703
614,731
614,734
615,71
615,467
615,468
615,470
615,472
615,477
615,536
615,616
615,617
615,618
615,636
615,639
615,656
615,657
615,664
615,665
615,667
615,668
615,697
615,731
616,456
616,617
616,636
616,639
616,656
617,9
617,456
617,467
617,468
617,477
617,533
617,612
617,613
617,615
617,618
617,626
617,639
617,656
617,657
617,664
617,665
617,674
617,675
618,468
618,477
618,478
618,523
618,525
618,595
618,612
618,613
618,639
618,656
618,657
618,731
618,763
619,308
619,620
619,621
619,622
619,623
619,625
619,626
619,627
619,628
619,629
619,630
619,631
619,632
619,633
619,634
619,635
620,472
620,537
620,539
620,540
620,541
620,548
620,551
620,557
620,558
620,621
620,623
620,624
620,625
620,626
620,627
620,629
620,630
620,631
620,632
620,633
620,634
620,635
620,646
620,653
620,663
620,669
620,684
621,7
621,71
621,80
621,81
621,413
621,436
621,443
621,468
621,494
621,541
621,573
621,622
621,623
621,624
621,625
621,627
621,628
621,629
621,631
621,632
621,633
621,634
621,661
621,663
621,669
621,670
621,734
621,758
621,783
622,623
622,625
622,627
622,628
622,629
622,630
622,631
622,632
622,633
623,624
623,625
623,626
623,627
623,628
623,629
623,630
623,631
623,632
623,633
623,634
623,635
624,622
624,627
624,632
624,633
624,634
624,648
624,651
625,308
625,468
625,557
625,558
625,619
625,620
625,621
625,623
625,626
625,627
625,628
625,629
625,631
625,633
625,634
625,658
625,660
625,663
625,669
626,308
626,501
626,533
626,619
626,620
626,623
626,628
626,629
626,630
626,631
626,632
626,633
626,646
626,651
626,653
626,654
626,659
626,660
626,663
626,679
626,684
626,725
627,619
627,621
627,628
627,629
627,630
627,632
627,633
627,661
627,663
628,621
628,629
628,630
628,631
628,632
628,663
629,620
629,621
629,630
629,631
629,632
629,633
629,660
629,663
629,669
629,670
630,619
630,622
630,631
630,632
630,633
630,679
630,719
631,541
631,548
631,551
631,632
631,633
631,663
632,506
632,619
632,621
632,623
632,625
632,626
632,630
632,631
632,633
632,635
632,658
632,660
632,661
632,669
632,678
632,679
633,619
633,620
633,621
633,622
633,629
633,630
633,631
634,578
634,579
634,604
634,635
634,658
634,660
635,658
635,660
636,6
636,71
636,188
636,189
636,191
636,405
636,406
636,493
636,494
636,511
636,525
636,534
636,537
636,541
636,548
636,559
636,564
636,637
636,638
636,671
636,691
636,692
636,693
636,694
637,6
637,191
637,638
637,671
637,694
638,6
638,191
638,534
638,636
638,637
638,671
638,693
638,694
639,645
639,703
639,735
640,9
640,71
640,438
640,439
640,444
640,472
640,476
640,612
640,613
640,614
640,615
640,616
640,639
640,641
640,642
640,643
640,644
640,645
640,664
640,673
640,674
640,675
640,677
640,704
640,735
640,795
640,796
640,799
641,2
641,9
641,71
641,438
641,468
641,476
641,536
641,546
641,547
641,550
641,554
641,612
641,613
641,614
641,615
641,625
641,639
641,640
641,643
641,644
641,645
641,656
641,657
641,664
641,665
641,668
641,673
641,674
641,675
641,677
641,703
641,706
641,735
641,763
641,772
641,776
641,795
641,796
641,798
641,799
642,9
642,439
642,444
642,472
642,494
642,536
642,550
642,551
642,612
642,613
642,615
642,617
642,618
642,639
642,643
642,644
642,645
642,656
642,657
642,664
642,665
642,668
642,703
642,706
642,762
642,764
642,772
643,8
643,71
643,438
643,468
643,536
643,554
643,612
643,613
643,614
643,615
643,616
643,617
643,618
643,639
643,645
643,695
643,701
643,703
643,733
643,734
643,763
643,772
643,776
643,796
643,798
644,9
644,439
644,444
644,472
644,612
644,614
644,615
644,618
644,639
644,645
644,664
644,665
644,668
645,9
645,468
645,476
645,478
645,613
645,614
645,616
645,617
645,618
645,639
645,664
645,668
645,703
645,733
645,734
645,762
645,764
646,497
646,501
646,620
646,626
646,631
646,632
646,647
646,648
646,649
646,650
646,651
646,652
646,653
646,654
646,655
646,679
646,680
646,682
647,472
647,624
647,649
647,650
647,651
647,652
647,653
647,654
647,655
647,656
648,1
648,497
648,499
648,501
648,507
648,558
648,620
648,621
648,622
648,623
648,624
648,625
648,626
648,627
648,629
648,630
648,631
648,632
648,633
648,634
648,641
648,646
648,649
648,650
648,651
648,652
648,653
648,654
648,655
648,661
648,680
648,682
648,713
648,718
648,721
648,745
648,791
648,792
649,558
649,620
649,623
649,629
649,647
649,650
649,652
649,653
650,558
650,620
650,623
650,629
650,634
650,647
650,652
650,653
651,622
651,624
651,646
651,648
651,652
651,653
651,654
651,655
651,656
651,791
651,792
652,472
652,499
652,507
652,621
652,623
652,624
652,627
652,630
652,633
652,634
652,647
652,653
652,654
652,655
652,702
652,713
652,791
652,792
653,623
653,624
653,625
653,631
653,632
653,633
653,646
653,647
653,654
653,655
653,656
653,702
654,472
654,624
654,626
654,632
654,647
654,653
654,655
654,656
654,718
655,472
655,499
655,507
655,647
655,652
655,653
656,9
656,403
656,407
656,410
656,422
656,467
656,468
656,494
656,495
656,503
656,535
656,537
656,539
656,568
656,612
656,613
656,614
656,615
656,618
656,636
656,639
656,657
656,666
656,667
656,668
656,669
656,697
656,700
656,731
656,750
657,467
657,468
657,494
657,503
657,639
657,666
657,667
657,668
657,669
657,731
657,750
658,623
658,631
658,660
658,662
658,663
659,501
659,663
660,629
660,631
660,658
660,663
660,669
661,653
661,654
661,663
662,663
663,620
663,626
663,631
663,660
664,6
664,70
664,158
664,159
664,189
664,404
664,407
664,449
664,450
664,469
664,494
664,511
664,525
664,534
664,544
664,559
664,564
664,608
664,609
664,611
664,612
664,613
664,636
664,637
664,639
664,640
664,641
664,645
664,665
664,666
664,667
664,668
664,671
664,672
664,673
664,677
664,702
664,706
664,727
664,731
664,748
664,775
664,779
665,158
665,159
665,544
665,608
665,612
665,613
665,636
665,637
665,639
665,664
665,666
665,667
665,668
665,671
665,672
665,727
665,731
665,748
665,775
666,158
666,159
666,668
666,731
666,750
667,404
667,494
667,534
667,612
667,613
667,614
667,668
667,669
668,612
668,613
668,639
668,664
669,623
669,631
669,661
669,663
670,669
671,673
671,687
672,4
672,5
672,492
672,493
672,535
672,566
672,577
672,608
672,610
672,611
672,636
672,637
672,671
672,687
672,690
672,692
673,4
673,5
673,80
673,81
673,438
673,444
673,487
673,563
673,609
673,610
673,611
673,612
673,613
673,614
673,615
673,617
673,636
673,637
673,639
673,641
673,671
673,674
673,675
673,676
673,677
673,681
673,687
673,688
673,694
673,705
674,4
674,5
674,476
674,477
674,563
674,612
674,613
674,615
674,616
674,639
674,673
674,675
674,676
674,677
674,681
674,699
674,700
674,703
674,705
675,4
675,5
675,476
675,477
675,487
675,573
675,612
675,613
675,614
675,615
675,616
675,617
675,639
675,674
675,676
675,677
675,688
675,699
675,700
675,703
675,705
675,731
676,487
676,563
676,612
676,613
676,617
676,677
676,679
676,681
676,682
676,683
676,684
676,688
677,477
677,616
677,639
677,678
677,679
677,680
677,682
677,683
677,684
677,700
678,599
678,622
678,623
678,631
678,679
678,680
678,681
678,682
678,683
678,684
678,685
678,713
679,543
679,575
679,620
679,621
679,622
679,623
679,625
679,627
679,628
679,631
679,632
679,633
679,634
679,648
679,651
679,653
679,655
679,680
679,681
679,682
679,683
679,684
679,685
679,686
679,713
680,543
680,575
680,599
680,621
680,622
680,626
680,630
680,632
680,633
680,634
680,648
680,651
680,653
680,655
680,678
680,679
680,681
680,682
680,683
680,684
680,685
680,686
680,713
681,563
681,620
681,625
681,627
681,633
681,678
681,679
681,682
681,683
681,684
681,685
681,686
681,721
682,543
682,575
682,599
682,623
682,628
682,630
682,631
682,632
682,651
682,679
682,683
682,684
682,721
683,543
683,599
683,621
683,628
683,632
683,634
683,678
683,684
684,543
684,575
684,622
684,625
684,627
684,632
684,633
684,678
684,679
684,685
684,686
685,679
687,4
687,543
687,671
688,438
688,481
688,609
688,667
688,671
688,673
689,673
689,674
689,675
689,676
689,705
690,70
690,85
690,436
690,449
690,450
690,467
690,471
690,472
690,476
690,494
690,571
690,577
690,578
690,581
690,595
690,599
690,600
690,604
690,606
690,609
690,691
690,692
690,693
690,694
690,731
690,747
690,748
690,750
690,756
690,782
691,4
691,7
691,436
691,470
691,471
691,472
691,476
691,477
691,494
691,559
691,564
691,571
691,573
691,574
691,578
691,636
691,664
691,667
691,692
691,693
691,694
691,727
691,729
691,731
691,795
692,4
692,70
692,85
692,470
692,471
692,476
692,534
692,559
692,564
692,566
692,573
692,574
692,581
692,636
692,637
692,638
692,691
692,693
692,694
692,698
692,700
692,727
692,728
692,731
692,732
692,748
692,750
693,6
693,70
693,471
693,472
693,494
693,511
693,559
693,567
693,574
693,636
693,638
693,664
693,667
693,671
693,694
693,727
693,731
693,750
694,6
694,70
694,405
694,471
694,472
694,476
694,492
694,493
694,494
694,511
694,534
694,559
694,567
694,568
694,636
694,637
694,638
694,664
694,667
694,671
694,693
694,727
694,731
694,750
694,751
694,763
694,764
695,7
695,466
695,476
695,567
695,599
695,701
695,702
695,703
695,734
695,735
695,749
695,750
696,3
696,7
696,468
696,476
696,507
696,599
696,604
696,605
696,700
696,701
696,703
696,705
696,706
696,733
697,7
697,437
697,445
697,466
697,502
697,503
697,509
697,567
697,571
697,700
697,701
697,702
697,703
697,704
697,705
697,706
697,751
698,4
698,5
698,444
698,476
698,502
698,506
698,524
698,700
698,701
698,702
698,703
698,705
698,706
698,749
698,750
698,757
699,5
699,7
699,403
699,509
699,524
699,566
699,567
699,575
699,598
699,604
699,612
699,614
699,700
699,701
699,702
699,703
699,704
699,734
699,749
699,750
699,757
699,772
700,7
700,445
700,524
700,563
700,604
700,695
700,699
700,772
701,445
701,502
701,575
701,704
701,733
701,750
702,7
702,567
702,647
702,695
702,699
702,734
702,750
703,695
703,734
703,735
703,750
704,8
704,563
704,577
704,578
704,596
704,599
704,639
704,643
704,645
704,696
704,698
704,699
704,700
704,701
704,702
704,703
704,706
704,731
704,736
704,786
704,787
705,3
705,4
705,5
705,7
705,8
705,9
705,438
705,440
705,442
705,445
705,467
705,472
705,476
705,491
705,496
705,502
705,503
705,505
705,509
705,567
705,571
705,572
705,598
705,599
705,600
705,604
705,612
705,614
705,615
705,639
705,641
705,642
705,643
705,644
705,645
705,674
705,675
705,677
705,695
705,697
705,698
705,699
705,700
705,701
705,702
705,703
705,706
705,733
705,749
705,750
705,757
706,3
706,5
706,7
706,9
706,403
706,507
706,509
706,510
706,554
706,568
706,571
706,575
706,604
706,612
706,639
706,642
706,656
706,697
706,699
706,700
706,701
706,702
706,703
706,747
706,748
706,750
706,757
707,710
707,717
707,719
707,723
707,725
707,726
707,742
708,599
708,709
708,717
708,719
708,725
708,726
709,710
709,725
710,619
710,622
710,630
710,631
710,718
710,725
710,726
712,592
712,604
712,648
712,654
712,655
712,708
712,709
712,710
712,711
712,716
712,717
712,718
712,719
712,721
712,722
712,723
712,724
712,725
713,510
713,630
713,684
713,710
713,711
713,715
713,717
713,719
713,721
713,723
713,724
713,726
713,751
713,765
713,767
713,769
714,502
714,506
714,508
714,510
714,723
715,709
715,721
716,725
716,726
717,439
717,599
717,726
718,654
718,655
720,626
720,707
720,708
720,725
721,506
721,508
721,652
721,679
721,711
721,713
721,714
721,725
722,592
722,604
722,711
722,725
723,469
723,502
723,508
723,510
723,710
723,711
723,724
723,725
723,751
724,439
724,604
724,711
724,717
724,719
724,726
725,189
725,708
725,709
725,710
725,711
725,715
725,718
725,719
726,711
727,728
727,729
727,730
727,731
728,3
728,476
728,559
728,573
728,675
728,727
728,729
728,730
728,731
728,732
729,559
729,573
729,596
729,599
729,727
729,730
729,732
730,3
730,476
730,559
730,573
730,727
730,728
730,729
730,732
730,738
730,794
731,7
731,71
731,94
731,95
731,389
731,390
731,430
731,468
731,559
731,564
731,567
731,573
731,604
731,636
731,668
731,691
731,692
731,694
731,699
731,702
731,703
731,727
731,733
731,734
731,749
731,750
731,751
731,763
731,767
731,783
732,445
732,476
732,559
732,733
732,734
733,445
733,639
733,734
733,735
733,749
733,751
733,754
734,7
734,445
734,639
734,735
735,599
736,7
736,71
736,438
736,468
736,478
736,568
736,579
736,595
736,596
736,599
736,612
736,613
736,614
736,618
736,639
736,640
736,641
736,642
736,643
736,645
736,695
736,699
736,703
736,731
736,733
736,734
736,735
736,737
736,738
736,749
736,754
736,756
736,760
736,763
736,764
736,776
736,778
737,3
737,7
737,71
737,438
737,443
737,445
737,467
737,468
737,478
737,560
737,561
737,568
737,595
737,596
737,599
737,612
737,613
737,614
737,615
737,617
737,639
737,640
737,641
737,643
737,645
737,695
737,703
737,732
737,733
737,734
737,735
737,736
737,738
737,741
737,760
737,763
737,764
737,776
737,778
737,779
737,787
737,788
737,796
737,797
737,799
738,3
738,438
738,443
738,468
738,478
738,560
738,599
738,639
738,643
738,645
738,728
738,733
738,734
738,735
738,740
738,741
739,444
739,562
739,563
739,599
739,700
739,740
739,741
739,742
739,743
739,744
739,745
739,746
740,561
740,562
740,563
740,599
740,741
740,742
740,743
740,744
740,745
740,746
740,793
741,438
741,443
741,599
741,631
741,733
741,742
741,743
741,744
741,745
741,746
742,599
742,631
742,648
742,652
742,653
742,719
742,743
742,744
742,745
742,746
742,767
743,444
743,562
743,563
743,599
743,648
743,652
743,653
743,744
743,745
743,746
744,444
744,561
744,562
744,563
744,599
744,631
744,738
744,740
744,742
744,745
744,746
745,599
745,652
745,653
745,739
745,740
745,742
745,746
746,599
746,631
746,742
747,54
747,85
747,471
747,477
747,559
747,564
747,595
747,599
747,600
747,612
747,613
747,614
747,636
747,690
747,691
747,692
747,693
747,694
747,697
747,703
747,727
747,731
747,748
747,750
747,783
747,785
747,786
747,787
747,788
747,795
748,431
748,432
748,436
748,472
748,566
748,573
748,595
748,596
748,599
748,600
748,604
748,621
748,636
748,690
748,691
748,692
748,694
748,697
748,703
748,727
748,728
748,729
748,731
748,732
748,747
748,750
748,758
748,783
749,443
749,503
749,596
749,598
749,599
749,600
749,602
749,604
749,690
749,694
749,695
749,751
749,753
749,754
749,756
749,757
749,758
749,760
750,71
750,183
750,431
750,432
750,436
750,445
750,467
750,472
750,477
750,509
750,559
750,573
750,595
750,598
750,599
750,600
750,604
750,636
750,690
750,691
750,692
750,693
750,694
750,695
750,698
750,699
750,700
750,703
750,727
750,728
750,729
750,730
750,731
750,732
750,747
750,782
750,783
750,795
751,443
751,503
751,596
751,598
751,599
751,600
751,602
751,604
751,690
751,695
751,731
751,749
751,753
751,754
751,756
751,757
751,760
752,3
752,592
752,731
752,749
752,751
752,753
752,754
752,756
752,757
752,758
752,760
753,443
753,468
753,503
753,592
753,598
753,599
753,600
753,604
753,740
753,749
753,751
753,754
753,755
753,756
753,758
753,760
754,459
754,460
754,581
754,592
754,596
754,599
754,600
754,749
754,751
754,756
754,757
754,760
755,604
756,598
756,599
756,604
756,726
756,760
757,581
757,583
757,598
757,599
757,600
757,604
757,606
757,698
757,702
757,705
757,717
757,724
757,731
757,749
757,751
757,754
757,758
758,599
758,751
760,587
760,596
760,598
760,599
760,600
760,602
760,604
760,606
760,690
760,731
760,733
760,734
760,735
760,736
760,739
760,742
760,749
760,751
760,753
760,754
760,755
760,757
760,758
761,85
762,68
762,93
762,158
762,159
762,466
762,541
762,547
762,639
762,763
762,764
762,770
762,775
763,37
763,70
763,93
763,159
763,542
763,639
763,731
763,764
763,772
764,93
764,158
764,159
764,413
764,639
764,763
764,767
765,206
765,215
765,446
765,478
765,766
765,767
765,769
765,791
766,767
766,791
768,478
768,765
768,766
768,767
768,769
769,174
769,175
769,178
769,206
769,209
769,212
769,214
769,215
769,420
769,421
769,424
769,446
769,742
769,764
769,765
769,766
769,767
769,774
770,11
770,54
770,66
770,67
770,69
770,70
770,71
770,80
770,81
770,85
770,150
770,154
770,155
770,156
770,158
770,159
770,188
770,189
770,191
770,194
770,196
770,386
770,403
770,404
770,405
770,411
770,431
770,434
770,445
770,468
770,469
770,492
770,493
770,522
770,534
770,559
770,564
770,567
770,568
770,572
770,595
770,636
770,638
770,690
770,692
770,694
770,727
770,731
770,762
770,763
770,764
770,771
770,772
770,773
770,775
770,776
770,777
770,778
770,780
770,782
770,785
770,786
770,787
770,788
771,3
771,67
771,69
771,70
771,71
771,80
771,81
771,85
771,87
771,93
771,159
771,166
771,168
771,170
771,197
771,201
771,202
771,412
771,413
771,440
771,466
771,492
771,511
771,522
771,559
771,595
771,596
771,599
771,611
771,636
771,637
771,690
771,691
771,692
771,694
771,731
771,762
771,763
771,764
771,772
771,773
771,775
771,776
771,777
771,778
771,779
771,781
771,782
771,783
771,785
771,786
771,787
771,788
772,67
772,70
772,71
772,85
772,87
772,88
772,93
772,150
772,154
772,155
772,156
772,166
772,168
772,170
772,188
772,189
772,191
772,197
772,198
772,199
772,201
772,202
772,228
772,403
772,405
772,412
772,413
772,430
772,432
772,434
772,436
772,453
772,454
772,456
772,470
772,492
772,506
772,507
772,511
772,522
772,524
772,554
772,559
772,568
772,572
772,595
772,618
772,636
772,637
772,639
772,645
772,690
772,691
772,692
772,693
772,694
772,727
772,731
772,762
772,763
772,764
772,773
772,774
772,775
772,776
772,777
772,778
772,779
772,781
772,782
772,783
772,785
772,786
772,787
772,788
773,6
773,67
773,71
773,80
773,81
773,85
773,88
773,93
773,158
773,197
773,199
773,201
773,403
773,405
773,412
773,413
773,469
773,492
773,493
773,496
773,497
773,502
773,510
773,559
773,564
773,567
773,568
773,572
773,595
773,636
773,637
773,690
773,692
773,693
773,694
773,727
773,731
773,763
773,764
773,772
773,774
773,775
773,776
773,777
773,778
774,71
774,85
774,86
774,88
774,89
774,93
774,95
774,191
774,220
774,222
774,231
774,403
774,405
774,408
774,411
774,434
774,470
774,636
774,637
774,762
774,763
774,766
774,775
774,777
774,778
774,783
775,71
775,80
775,81
775,85
775,154
775,155
775,156
775,158
775,188
775,191
775,267
775,269
775,273
775,274
775,279
775,280
775,403
775,404
775,405
775,408
775,430
775,431
775,432
775,468
775,469
775,470
775,473
775,492
775,493
775,534
775,559
775,564
775,567
775,568
775,595
775,636
775,637
775,692
775,694
775,728
775,729
775,730
775,731
775,750
775,762
775,763
775,764
775,776
775,777
775,778
775,779
775,782
775,783
775,785
776,150
776,158
776,159
776,168
776,170
776,403
776,404
776,405
776,412
776,413
776,430
776,431
776,432
776,434
776,436
776,444
776,445
776,470
776,481
776,492
776,493
776,494
776,522
776,534
776,559
776,564
776,567
776,568
776,571
776,595
776,618
776,636
776,637
776,639
776,690
776,691
776,692
776,693
776,694
776,727
776,731
776,750
776,762
776,763
776,764
776,770
776,771
776,772
776,773
776,775
776,777
776,778
776,783
776,785
777,68
777,91
777,93
777,170
777,466
777,468
777,469
777,470
777,492
777,522
777,572
777,595
777,728
777,729
777,730
777,750
777,762
777,763
777,764
777,778
777,779
777,782
777,783
777,785
777,787
777,788
778,85
778,87
778,88
778,93
778,154
778,155
778,156
778,159
778,188
778,191
778,204
778,209
778,210
778,214
778,403
778,405
778,431
778,436
778,440
778,470
778,492
778,564
778,595
778,598
778,599
778,690
778,694
778,731
778,750
778,762
778,763
778,764
778,771
778,772
778,773
778,775
778,783
778,785
779,6
779,85
779,431
779,434
779,435
779,511
779,559
779,561
779,564
779,568
779,571
779,598
779,691
779,693
779,694
779,747
779,750
779,781
779,782
779,783
780,785
780,786
780,787
780,788
780,790
780,791
781,431
781,434
781,435
781,568
781,571
781,693
781,694
781,750
781,782
781,783
782,431
782,434
782,435
782,568
782,571
782,693
782,694
782,727
782,728
782,730
782,750
782,783
783,80
783,81
783,95
783,189
783,431
783,432
783,434
783,435
783,436
783,443
783,472
783,476
783,568
783,571
783,573
783,595
783,690
783,691
783,692
783,693
783,694
783,750
783,762
783,764
783,782
784,783
785,90
785,439
785,470
785,502
785,568
785,595
785,596
785,600
785,697
785,762
785,763
785,764
785,786
785,787
785,788
785,789
786,3
786,502
786,568
786,697
786,698
786,701
786,787
786,788
787,3
787,502
787,568
787,596
787,600
787,697
787,698
787,701
787,763
787,764
787,782
787,783
787,786
787,788
787,789
788,439
788,502
788,568
788,596
788,600
788,697
788,763
788,764
788,766
788,789
788,791
789,782
789,783
790,766
790,791
791,766
791,792
792,563
792,567
792,766
792,780
792,790
792,791
792,793
793,765
793,766
793,790
793,791
794,10
794,69
794,71
794,76
794,77
794,430
794,436
794,466
794,467
794,468
794,471
794,483
794,486
794,545
794,595
794,599
794,636
794,637
794,638
794,690
794,691
794,729
794,731
794,733
794,750
794,766
794,790
795,468
795,477
795,639
795,796
795,797
795,798
795,799
796,69
796,476
796,477
796,639
796,797
796,798
796,799
797,798
797,799
798,639
798,799
799,639
799,795
799,796
